"country_name","genres","n"
"Argentina","Action",133
"Argentina","Adult",2
"Argentina","Adventure",103
"Argentina","Animation",57
"Argentina","Biography",11
"Argentina","Comedy",184
"Argentina","Crime",135
"Argentina","Documentary",15
"Argentina","Drama",409
"Argentina","Family",14
"Argentina","Fantasy",37
"Argentina","History",6
"Argentina","Horror",34
"Argentina","Music",34
"Argentina","Mystery",51
"Argentina","Romance",142
"Argentina","Sci-Fi",12
"Argentina","Sport",6
"Argentina","Thriller",82
"Argentina","War",4
"Argentina","Western",3
"Australia","Action",189
"Australia","Adult",2
"Australia","Adventure",137
"Australia","Animation",56
"Australia","Biography",13
"Australia","Comedy",191
"Australia","Crime",145
"Australia","Documentary",25
"Australia","Drama",290
"Australia","Family",43
"Australia","Fantasy",54
"Australia","Game-Show",7
"Australia","History",7
"Australia","Horror",28
"Australia","Music",2
"Australia","Mystery",48
"Australia","News",1
"Australia","Reality-TV",28
"Australia","Romance",79
"Australia","Sci-Fi",55
"Australia","Sport",11
"Australia","Talk-Show",1
"Australia","Thriller",60
"Australia","War",8
"Australia","Western",6
"Austria","Action",197
"Austria","Adult",4
"Austria","Adventure",140
"Austria","Animation",37
"Austria","Biography",16
"Austria","Comedy",190
"Austria","Crime",167
"Austria","Documentary",26
"Austria","Drama",314
"Austria","Family",45
"Austria","Fantasy",65
"Austria","Game-Show",6
"Austria","History",6
"Austria","Horror",36
"Austria","Music",3
"Austria","Mystery",57
"Austria","Reality-TV",12
"Austria","Romance",84
"Austria","Sci-Fi",27
"Austria","Sport",12
"Austria","Thriller",79
"Austria","War",3
"Austria","Western",1
"Bahamas","Action",184
"Bahamas","Adult",3
"Bahamas","Adventure",101
"Bahamas","Animation",77
"Bahamas","Biography",12
"Bahamas","Comedy",189
"Bahamas","Crime",142
"Bahamas","Documentary",14
"Bahamas","Drama",300
"Bahamas","Family",46
"Bahamas","Fantasy",43
"Bahamas","Game-Show",5
"Bahamas","History",3
"Bahamas","Horror",33
"Bahamas","Music",1
"Bahamas","Mystery",36
"Bahamas","Reality-TV",9
"Bahamas","Romance",73
"Bahamas","Sci-Fi",23
"Bahamas","Sport",7
"Bahamas","Thriller",88
"Bahamas","War",2
"Bahrain","Action",206
"Bahrain","Adult",3
"Bahrain","Adventure",112
"Bahrain","Animation",36
"Bahrain","Biography",18
"Bahrain","Comedy",169
"Bahrain","Crime",136
"Bahrain","Documentary",14
"Bahrain","Drama",329
"Bahrain","Family",20
"Bahrain","Fantasy",48
"Bahrain","Game-Show",9
"Bahrain","History",4
"Bahrain","Horror",35
"Bahrain","Music",1
"Bahrain","Mystery",46
"Bahrain","Reality-TV",14
"Bahrain","Romance",91
"Bahrain","Sci-Fi",20
"Bahrain","Sport",6
"Bahrain","Talk-Show",1
"Bahrain","Thriller",79
"Bahrain","War",2
"Bahrain","Western",1
"Bangladesh","Action",223
"Bangladesh","Adult",2
"Bangladesh","Adventure",92
"Bangladesh","Animation",31
"Bangladesh","Biography",7
"Bangladesh","Comedy",194
"Bangladesh","Crime",165
"Bangladesh","Documentary",9
"Bangladesh","Drama",368
"Bangladesh","Family",13
"Bangladesh","Fantasy",31
"Bangladesh","Game-Show",2
"Bangladesh","History",2
"Bangladesh","Horror",30
"Bangladesh","Musical",5
"Bangladesh","Mystery",85
"Bangladesh","Reality-TV",2
"Bangladesh","Romance",100
"Bangladesh","Sci-Fi",42
"Bangladesh","Sport",1
"Bangladesh","Thriller",72
"Bangladesh","War",2
"Belgium","Action",202
"Belgium","Adult",2
"Belgium","Adventure",136
"Belgium","Animation",56
"Belgium","Biography",15
"Belgium","Comedy",197
"Belgium","Crime",139
"Belgium","Documentary",17
"Belgium","Drama",314
"Belgium","Family",23
"Belgium","Fantasy",64
"Belgium","Game-Show",5
"Belgium","History",3
"Belgium","Horror",32
"Belgium","Music",9
"Belgium","Mystery",46
"Belgium","Reality-TV",10
"Belgium","Romance",84
"Belgium","Sci-Fi",29
"Belgium","Sport",9
"Belgium","Talk-Show",1
"Belgium","Thriller",63
"Belgium","War",4
"Belgium","Western",2
"Bolivia","Action",157
"Bolivia","Adult",3
"Bolivia","Adventure",141
"Bolivia","Animation",99
"Bolivia","Biography",3
"Bolivia","Comedy",224
"Bolivia","Crime",88
"Bolivia","Documentary",10
"Bolivia","Drama",315
"Bolivia","Family",14
"Bolivia","Fantasy",39
"Bolivia","History",1
"Bolivia","Horror",24
"Bolivia","Music",18
"Bolivia","Mystery",39
"Bolivia","Reality-TV",3
"Bolivia","Romance",151
"Bolivia","Sci-Fi",22
"Bolivia","Sport",3
"Bolivia","Thriller",50
"Bolivia","War",3
"Bolivia","Western",1
"Brazil","Action",152
"Brazil","Adult",4
"Brazil","Adventure",156
"Brazil","Animation",73
"Brazil","Biography",9
"Brazil","Comedy",178
"Brazil","Crime",117
"Brazil","Documentary",16
"Brazil","Drama",306
"Brazil","Family",101
"Brazil","Fantasy",39
"Brazil","Game-Show",4
"Brazil","History",2
"Brazil","Horror",27
"Brazil","Music",40
"Brazil","Musical",51
"Brazil","Mystery",37
"Brazil","Reality-TV",11
"Brazil","Romance",123
"Brazil","Sci-Fi",20
"Brazil","Sport",3
"Brazil","Thriller",59
"Brazil","War",3
"Brazil","Western",2
"Bulgaria","Action",218
"Bulgaria","Adult",3
"Bulgaria","Adventure",129
"Bulgaria","Animation",49
"Bulgaria","Biography",14
"Bulgaria","Comedy",192
"Bulgaria","Crime",128
"Bulgaria","Documentary",26
"Bulgaria","Drama",316
"Bulgaria","Family",25
"Bulgaria","Fantasy",54
"Bulgaria","Game-Show",10
"Bulgaria","History",4
"Bulgaria","Horror",31
"Bulgaria","Music",2
"Bulgaria","Musical",2
"Bulgaria","Mystery",41
"Bulgaria","Reality-TV",15
"Bulgaria","Romance",108
"Bulgaria","Sci-Fi",39
"Bulgaria","Sport",9
"Bulgaria","Thriller",63
"Bulgaria","War",3
"Bulgaria","Western",3
"Canada","Action",177
"Canada","Adult",3
"Canada","Adventure",105
"Canada","Animation",56
"Canada","Biography",22
"Canada","Comedy",191
"Canada","Crime",159
"Canada","Documentary",24
"Canada","Drama",285
"Canada","Family",22
"Canada","Fantasy",39
"Canada","Game-Show",11
"Canada","History",5
"Canada","Horror",34
"Canada","Musical",2
"Canada","Mystery",49
"Canada","Reality-TV",30
"Canada","Romance",86
"Canada","Sci-Fi",37
"Canada","Sport",5
"Canada","Thriller",67
"Canada","War",5
"Canada","Western",4
"Chile","Action",127
"Chile","Adult",2
"Chile","Adventure",122
"Chile","Animation",75
"Chile","Biography",6
"Chile","Comedy",209
"Chile","Crime",104
"Chile","Documentary",11
"Chile","Drama",374
"Chile","Family",19
"Chile","Fantasy",36
"Chile","History",4
"Chile","Horror",29
"Chile","Music",34
"Chile","Mystery",38
"Chile","Reality-TV",2
"Chile","Romance",161
"Chile","Sci-Fi",17
"Chile","Sport",4
"Chile","Thriller",62
"Chile","War",5
"Chile","Western",2
"Colombia","Action",140
"Colombia","Adult",2
"Colombia","Adventure",109
"Colombia","Animation",62
"Colombia","Biography",8
"Colombia","Comedy",201
"Colombia","Crime",112
"Colombia","Documentary",29
"Colombia","Drama",313
"Colombia","Family",17
"Colombia","Fantasy",39
"Colombia","History",2
"Colombia","Horror",29
"Colombia","Music",15
"Colombia","Musical",4
"Colombia","Mystery",38
"Colombia","Reality-TV",3
"Colombia","Romance",136
"Colombia","Sci-Fi",16
"Colombia","Sport",3
"Colombia","Thriller",74
"Colombia","War",3
"Colombia","Western",1
"Costa Rica","Action",121
"Costa Rica","Adult",2
"Costa Rica","Adventure",99
"Costa Rica","Animation",62
"Costa Rica","Biography",8
"Costa Rica","Comedy",217
"Costa Rica","Crime",103
"Costa Rica","Documentary",14
"Costa Rica","Drama",366
"Costa Rica","Family",22
"Costa Rica","Fantasy",35
"Costa Rica","Game-Show",1
"Costa Rica","History",2
"Costa Rica","Horror",30
"Costa Rica","Music",31
"Costa Rica","Mystery",35
"Costa Rica","Reality-TV",4
"Costa Rica","Romance",173
"Costa Rica","Sci-Fi",16
"Costa Rica","Sport",6
"Costa Rica","Thriller",71
"Costa Rica","War",3
"Costa Rica","Western",1
"Croatia","Action",175
"Croatia","Adult",3
"Croatia","Adventure",116
"Croatia","Animation",54
"Croatia","Biography",11
"Croatia","Comedy",205
"Croatia","Crime",138
"Croatia","Documentary",23
"Croatia","Drama",307
"Croatia","Family",27
"Croatia","Fantasy",38
"Croatia","Game-Show",10
"Croatia","History",6
"Croatia","Horror",28
"Croatia","Music",3
"Croatia","Mystery",41
"Croatia","Reality-TV",15
"Croatia","Romance",103
"Croatia","Sci-Fi",15
"Croatia","Sport",11
"Croatia","Thriller",66
"Croatia","War",4
"Croatia","Western",3
"Cyprus","Action",204
"Cyprus","Adult",2
"Cyprus","Adventure",135
"Cyprus","Animation",49
"Cyprus","Biography",10
"Cyprus","Comedy",196
"Cyprus","Crime",134
"Cyprus","Documentary",14
"Cyprus","Drama",344
"Cyprus","Family",30
"Cyprus","Fantasy",41
"Cyprus","Game-Show",8
"Cyprus","History",4
"Cyprus","Horror",24
"Cyprus","Music",2
"Cyprus","Musical",2
"Cyprus","Mystery",47
"Cyprus","Reality-TV",12
"Cyprus","Romance",92
"Cyprus","Sci-Fi",48
"Cyprus","Sport",6
"Cyprus","Thriller",61
"Cyprus","War",5
"Cyprus","Western",2
"Czech Republic","Action",204
"Czech Republic","Adult",2
"Czech Republic","Adventure",150
"Czech Republic","Animation",84
"Czech Republic","Biography",14
"Czech Republic","Comedy",191
"Czech Republic","Crime",139
"Czech Republic","Documentary",22
"Czech Republic","Drama",305
"Czech Republic","Family",26
"Czech Republic","Fantasy",59
"Czech Republic","Game-Show",12
"Czech Republic","History",5
"Czech Republic","Horror",34
"Czech Republic","Music",2
"Czech Republic","Mystery",54
"Czech Republic","Reality-TV",17
"Czech Republic","Romance",76
"Czech Republic","Sci-Fi",17
"Czech Republic","Sport",10
"Czech Republic","Thriller",57
"Czech Republic","War",3
"Czech Republic","Western",1
"Denmark","Action",185
"Denmark","Adult",2
"Denmark","Adventure",123
"Denmark","Animation",58
"Denmark","Biography",19
"Denmark","Comedy",186
"Denmark","Crime",152
"Denmark","Documentary",22
"Denmark","Drama",326
"Denmark","Family",24
"Denmark","Fantasy",53
"Denmark","Game-Show",11
"Denmark","History",5
"Denmark","Horror",26
"Denmark","Music",2
"Denmark","Mystery",42
"Denmark","Reality-TV",27
"Denmark","Romance",88
"Denmark","Sci-Fi",25
"Denmark","Sport",9
"Denmark","Thriller",60
"Denmark","War",11
"Denmark","Western",4
"Dominican Republic","Action",174
"Dominican Republic","Adult",2
"Dominican Republic","Adventure",109
"Dominican Republic","Animation",51
"Dominican Republic","Biography",6
"Dominican Republic","Comedy",167
"Dominican Republic","Crime",118
"Dominican Republic","Documentary",11
"Dominican Republic","Drama",329
"Dominican Republic","Family",18
"Dominican Republic","Fantasy",47
"Dominican Republic","Game-Show",2
"Dominican Republic","History",1
"Dominican Republic","Horror",27
"Dominican Republic","Music",31
"Dominican Republic","Mystery",34
"Dominican Republic","Reality-TV",3
"Dominican Republic","Romance",125
"Dominican Republic","Sci-Fi",22
"Dominican Republic","Sport",3
"Dominican Republic","Thriller",72
"Dominican Republic","War",3
"Ecuador","Action",143
"Ecuador","Adult",2
"Ecuador","Adventure",122
"Ecuador","Animation",71
"Ecuador","Biography",3
"Ecuador","Comedy",211
"Ecuador","Crime",89
"Ecuador","Documentary",11
"Ecuador","Drama",315
"Ecuador","Family",16
"Ecuador","Fantasy",38
"Ecuador","History",1
"Ecuador","Horror",25
"Ecuador","Music",30
"Ecuador","Musical",1
"Ecuador","Mystery",33
"Ecuador","Reality-TV",3
"Ecuador","Romance",145
"Ecuador","Sci-Fi",20
"Ecuador","Sport",4
"Ecuador","Thriller",62
"Ecuador","War",3
"Egypt","Action",194
"Egypt","Adult",3
"Egypt","Adventure",110
"Egypt","Animation",36
"Egypt","Biography",15
"Egypt","Comedy",182
"Egypt","Crime",122
"Egypt","Documentary",13
"Egypt","Drama",354
"Egypt","Family",18
"Egypt","Fantasy",45
"Egypt","Game-Show",4
"Egypt","History",7
"Egypt","Horror",33
"Egypt","Music",1
"Egypt","Mystery",40
"Egypt","Reality-TV",6
"Egypt","Romance",89
"Egypt","Sci-Fi",28
"Egypt","Sport",2
"Egypt","Thriller",73
"Egypt","War",3
"El Salvador","Action",134
"El Salvador","Adult",2
"El Salvador","Adventure",107
"El Salvador","Animation",65
"El Salvador","Biography",3
"El Salvador","Comedy",199
"El Salvador","Crime",105
"El Salvador","Documentary",12
"El Salvador","Drama",330
"El Salvador","Family",17
"El Salvador","Fantasy",38
"El Salvador","History",1
"El Salvador","Horror",23
"El Salvador","Music",29
"El Salvador","Mystery",33
"El Salvador","Reality-TV",2
"El Salvador","Romance",146
"El Salvador","Sci-Fi",19
"El Salvador","Sport",5
"El Salvador","Thriller",62
"El Salvador","War",3
"Estonia","Action",192
"Estonia","Adult",3
"Estonia","Adventure",129
"Estonia","Animation",52
"Estonia","Biography",16
"Estonia","Comedy",216
"Estonia","Crime",125
"Estonia","Documentary",19
"Estonia","Drama",276
"Estonia","Family",28
"Estonia","Fantasy",55
"Estonia","Game-Show",11
"Estonia","History",2
"Estonia","Horror",30
"Estonia","Music",4
"Estonia","Musical",2
"Estonia","Mystery",55
"Estonia","Reality-TV",19
"Estonia","Romance",81
"Estonia","Sci-Fi",63
"Estonia","Sport",8
"Estonia","Thriller",53
"Estonia","War",3
"Estonia","Western",2
"Finland","Action",196
"Finland","Adult",3
"Finland","Adventure",119
"Finland","Animation",59
"Finland","Biography",17
"Finland","Comedy",188
"Finland","Crime",154
"Finland","Documentary",25
"Finland","Drama",336
"Finland","Family",25
"Finland","Fantasy",47
"Finland","Game-Show",7
"Finland","History",2
"Finland","Horror",29
"Finland","Music",5
"Finland","Musical",2
"Finland","Mystery",45
"Finland","Reality-TV",15
"Finland","Romance",84
"Finland","Sci-Fi",31
"Finland","Sport",9
"Finland","Thriller",61
"Finland","War",10
"Finland","Western",2
"France","Action",203
"France","Adult",4
"France","Adventure",130
"France","Animation",52
"France","Biography",10
"France","Comedy",167
"France","Crime",164
"France","Documentary",18
"France","Drama",341
"France","Family",18
"France","Fantasy",68
"France","Game-Show",3
"France","History",4
"France","Horror",43
"France","Music",23
"France","Mystery",43
"France","Reality-TV",5
"France","Romance",76
"France","Sci-Fi",47
"France","Sport",6
"France","Thriller",81
"France","War",4
"France","Western",2
"Germany","Action",204
"Germany","Adult",3
"Germany","Adventure",166
"Germany","Animation",51
"Germany","Biography",15
"Germany","Comedy",187
"Germany","Crime",163
"Germany","Documentary",24
"Germany","Drama",311
"Germany","Family",56
"Germany","Fantasy",74
"Germany","Game-Show",5
"Germany","History",4
"Germany","Horror",39
"Germany","Music",3
"Germany","Mystery",51
"Germany","Reality-TV",8
"Germany","Romance",74
"Germany","Sci-Fi",27
"Germany","Sport",10
"Germany","Talk-Show",1
"Germany","Thriller",81
"Germany","War",3
"Germany","Western",1
"Greece","Action",186
"Greece","Adult",2
"Greece","Adventure",126
"Greece","Animation",54
"Greece","Biography",11
"Greece","Comedy",177
"Greece","Crime",148
"Greece","Documentary",16
"Greece","Drama",337
"Greece","Family",25
"Greece","Fantasy",56
"Greece","Game-Show",6
"Greece","History",7
"Greece","Horror",29
"Greece","Music",2
"Greece","Musical",1
"Greece","Mystery",51
"Greece","Reality-TV",7
"Greece","Romance",91
"Greece","Sci-Fi",46
"Greece","Sport",6
"Greece","Talk-Show",1
"Greece","Thriller",57
"Greece","War",6
"Greece","Western",5
"Guadeloupe","Action",218
"Guadeloupe","Adult",2
"Guadeloupe","Adventure",121
"Guadeloupe","Animation",48
"Guadeloupe","Biography",7
"Guadeloupe","Comedy",164
"Guadeloupe","Crime",165
"Guadeloupe","Documentary",10
"Guadeloupe","Drama",323
"Guadeloupe","Family",19
"Guadeloupe","Fantasy",59
"Guadeloupe","Game-Show",5
"Guadeloupe","History",3
"Guadeloupe","Horror",36
"Guadeloupe","Music",33
"Guadeloupe","Musical",1
"Guadeloupe","Mystery",36
"Guadeloupe","Reality-TV",7
"Guadeloupe","Romance",77
"Guadeloupe","Sci-Fi",42
"Guadeloupe","Sport",3
"Guadeloupe","Thriller",70
"Guadeloupe","War",1
"Guadeloupe","Western",1
"Guatemala","Action",116
"Guatemala","Adult",2
"Guatemala","Adventure",107
"Guatemala","Animation",66
"Guatemala","Biography",6
"Guatemala","Comedy",215
"Guatemala","Crime",97
"Guatemala","Documentary",11
"Guatemala","Drama",342
"Guatemala","Family",21
"Guatemala","Fantasy",36
"Guatemala","History",2
"Guatemala","Horror",25
"Guatemala","Music",30
"Guatemala","Mystery",36
"Guatemala","Reality-TV",2
"Guatemala","Romance",158
"Guatemala","Sci-Fi",17
"Guatemala","Sport",4
"Guatemala","Thriller",59
"Guatemala","War",3
"Guatemala","Western",1
"Honduras","Action",130
"Honduras","Adult",2
"Honduras","Adventure",94
"Honduras","Animation",48
"Honduras","Biography",3
"Honduras","Comedy",204
"Honduras","Crime",108
"Honduras","Documentary",12
"Honduras","Drama",353
"Honduras","Family",19
"Honduras","Fantasy",37
"Honduras","History",1
"Honduras","Horror",26
"Honduras","Music",30
"Honduras","Musical",1
"Honduras","Mystery",37
"Honduras","Reality-TV",3
"Honduras","Romance",163
"Honduras","Sci-Fi",17
"Honduras","Sport",4
"Honduras","Thriller",65
"Honduras","War",3
"Honduras","Western",1
"Hong Kong","Action",239
"Hong Kong","Adult",2
"Hong Kong","Adventure",116
"Hong Kong","Animation",32
"Hong Kong","Biography",17
"Hong Kong","Comedy",156
"Hong Kong","Crime",117
"Hong Kong","Documentary",20
"Hong Kong","Drama",333
"Hong Kong","Family",8
"Hong Kong","Fantasy",63
"Hong Kong","Game-Show",5
"Hong Kong","History",5
"Hong Kong","Horror",41
"Hong Kong","Music",3
"Hong Kong","Mystery",71
"Hong Kong","Reality-TV",8
"Hong Kong","Romance",123
"Hong Kong","Sci-Fi",59
"Hong Kong","Sport",10
"Hong Kong","Talk-Show",1
"Hong Kong","Thriller",79
"Hong Kong","War",5
"Hungary","Action",199
"Hungary","Adult",3
"Hungary","Adventure",127
"Hungary","Animation",67
"Hungary","Biography",11
"Hungary","Comedy",195
"Hungary","Crime",159
"Hungary","Documentary",19
"Hungary","Drama",330
"Hungary","Family",33
"Hungary","Fantasy",53
"Hungary","Game-Show",7
"Hungary","History",6
"Hungary","Horror",36
"Hungary","Music",3
"Hungary","Mystery",47
"Hungary","Reality-TV",8
"Hungary","Romance",103
"Hungary","Sci-Fi",16
"Hungary","Sport",9
"Hungary","Thriller",62
"Hungary","War",3
"Hungary","Western",2
"Iceland","Action",184
"Iceland","Adult",2
"Iceland","Adventure",126
"Iceland","Animation",54
"Iceland","Biography",22
"Iceland","Comedy",200
"Iceland","Crime",153
"Iceland","Documentary",26
"Iceland","Drama",296
"Iceland","Family",28
"Iceland","Fantasy",34
"Iceland","Game-Show",13
"Iceland","History",5
"Iceland","Horror",23
"Iceland","Music",5
"Iceland","Mystery",43
"Iceland","Reality-TV",36
"Iceland","Romance",86
"Iceland","Sci-Fi",52
"Iceland","Sport",8
"Iceland","Thriller",53
"Iceland","War",5
"Iceland","Western",2
"India","Action",261
"India","Adult",1
"India","Adventure",80
"India","Animation",13
"India","Biography",4
"India","Comedy",185
"India","Crime",198
"India","Documentary",13
"India","Drama",382
"India","Family",13
"India","Fantasy",48
"India","Game-Show",4
"India","Horror",29
"India","Music",1
"India","Musical",2
"India","Mystery",68
"India","Reality-TV",4
"India","Romance",98
"India","Sci-Fi",19
"India","Sport",3
"India","Thriller",77
"India","War",1
"Indonesia","Action",186
"Indonesia","Adult",2
"Indonesia","Adventure",86
"Indonesia","Animation",19
"Indonesia","Biography",13
"Indonesia","Comedy",187
"Indonesia","Crime",138
"Indonesia","Documentary",15
"Indonesia","Drama",340
"Indonesia","Family",15
"Indonesia","Fantasy",54
"Indonesia","History",9
"Indonesia","Horror",47
"Indonesia","Music",2
"Indonesia","Mystery",71
"Indonesia","Reality-TV",6
"Indonesia","Romance",109
"Indonesia","Sci-Fi",40
"Indonesia","Sport",5
"Indonesia","Thriller",87
"Indonesia","War",3
"Ireland","Action",141
"Ireland","Adult",2
"Ireland","Adventure",135
"Ireland","Animation",67
"Ireland","Biography",31
"Ireland","Comedy",215
"Ireland","Crime",132
"Ireland","Documentary",30
"Ireland","Drama",294
"Ireland","Family",29
"Ireland","Fantasy",24
"Ireland","Game-Show",4
"Ireland","History",9
"Ireland","Horror",20
"Ireland","Music",4
"Ireland","Musical",3
"Ireland","Mystery",31
"Ireland","News",1
"Ireland","Reality-TV",21
"Ireland","Romance",90
"Ireland","Sci-Fi",28
"Ireland","Sport",10
"Ireland","Talk-Show",1
"Ireland","Thriller",56
"Ireland","War",6
"Ireland","Western",4
"Israel","Action",184
"Israel","Adult",3
"Israel","Adventure",121
"Israel","Animation",56
"Israel","Biography",8
"Israel","Comedy",176
"Israel","Crime",131
"Israel","Documentary",22
"Israel","Drama",329
"Israel","Family",20
"Israel","Fantasy",30
"Israel","Game-Show",11
"Israel","History",4
"Israel","Horror",18
"Israel","Music",2
"Israel","Musical",2
"Israel","Mystery",33
"Israel","Reality-TV",18
"Israel","Romance",93
"Israel","Sci-Fi",37
"Israel","Sport",10
"Israel","Thriller",76
"Israel","War",5
"Israel","Western",3
"Italy","Action",170
"Italy","Adult",2
"Italy","Adventure",89
"Italy","Animation",27
"Italy","Biography",13
"Italy","Comedy",180
"Italy","Crime",158
"Italy","Documentary",13
"Italy","Drama",371
"Italy","Family",23
"Italy","Fantasy",49
"Italy","Game-Show",6
"Italy","History",2
"Italy","Horror",36
"Italy","Music",6
"Italy","Musical",1
"Italy","Mystery",67
"Italy","Reality-TV",8
"Italy","Romance",98
"Italy","Sci-Fi",36
"Italy","Sport",11
"Italy","Thriller",57
"Italy","War",3
"Italy","Western",4
"Jamaica","Action",217
"Jamaica","Adult",3
"Jamaica","Adventure",118
"Jamaica","Animation",83
"Jamaica","Biography",8
"Jamaica","Comedy",192
"Jamaica","Crime",144
"Jamaica","Documentary",11
"Jamaica","Drama",308
"Jamaica","Family",36
"Jamaica","Fantasy",57
"Jamaica","Game-Show",4
"Jamaica","History",2
"Jamaica","Horror",32
"Jamaica","Music",2
"Jamaica","Mystery",33
"Jamaica","Reality-TV",6
"Jamaica","Romance",84
"Jamaica","Sci-Fi",25
"Jamaica","Sport",5
"Jamaica","Thriller",84
"Jamaica","War",2
"Jamaica","Western",1
"Japan","Action",226
"Japan","Adult",1
"Japan","Adventure",157
"Japan","Animation",100
"Japan","Biography",20
"Japan","Comedy",165
"Japan","Crime",93
"Japan","Documentary",10
"Japan","Drama",284
"Japan","Family",13
"Japan","Fantasy",43
"Japan","Film-Noir",1
"Japan","History",7
"Japan","Horror",37
"Japan","Music",4
"Japan","Musical",1
"Japan","Mystery",44
"Japan","Romance",171
"Japan","Sci-Fi",29
"Japan","Sport",5
"Japan","Thriller",63
"Japan","War",4
"Jordan","Action",206
"Jordan","Adult",3
"Jordan","Adventure",102
"Jordan","Animation",32
"Jordan","Biography",17
"Jordan","Comedy",237
"Jordan","Crime",134
"Jordan","Documentary",11
"Jordan","Drama",387
"Jordan","Family",17
"Jordan","Fantasy",43
"Jordan","Game-Show",5
"Jordan","History",4
"Jordan","Horror",28
"Jordan","Musical",2
"Jordan","Mystery",35
"Jordan","Reality-TV",7
"Jordan","Romance",83
"Jordan","Sci-Fi",25
"Jordan","Sport",5
"Jordan","Thriller",69
"Jordan","War",3
"Jordan","Western",1
"Kenya","Action",204
"Kenya","Adult",3
"Kenya","Adventure",90
"Kenya","Animation",29
"Kenya","Biography",11
"Kenya","Comedy",196
"Kenya","Crime",143
"Kenya","Documentary",17
"Kenya","Drama",339
"Kenya","Family",17
"Kenya","Fantasy",40
"Kenya","Game-Show",11
"Kenya","History",6
"Kenya","Horror",25
"Kenya","Music",4
"Kenya","Musical",1
"Kenya","Mystery",49
"Kenya","Reality-TV",19
"Kenya","Romance",95
"Kenya","Sci-Fi",39
"Kenya","Sport",5
"Kenya","Thriller",75
"Kenya","War",1
"Kuwait","Action",220
"Kuwait","Adult",3
"Kuwait","Adventure",133
"Kuwait","Animation",55
"Kuwait","Biography",15
"Kuwait","Comedy",172
"Kuwait","Crime",129
"Kuwait","Documentary",12
"Kuwait","Drama",324
"Kuwait","Family",32
"Kuwait","Fantasy",54
"Kuwait","Game-Show",7
"Kuwait","History",6
"Kuwait","Horror",38
"Kuwait","Music",1
"Kuwait","Mystery",48
"Kuwait","Reality-TV",10
"Kuwait","Romance",74
"Kuwait","Sci-Fi",24
"Kuwait","Sport",3
"Kuwait","Talk-Show",2
"Kuwait","Thriller",83
"Kuwait","War",3
"Kuwait","Western",1
"Latvia","Action",174
"Latvia","Adult",2
"Latvia","Adventure",141
"Latvia","Animation",81
"Latvia","Biography",11
"Latvia","Comedy",245
"Latvia","Crime",128
"Latvia","Documentary",17
"Latvia","Drama",278
"Latvia","Family",25
"Latvia","Fantasy",44
"Latvia","Game-Show",12
"Latvia","History",3
"Latvia","Horror",26
"Latvia","Music",2
"Latvia","Musical",1
"Latvia","Mystery",58
"Latvia","Reality-TV",16
"Latvia","Romance",91
"Latvia","Sci-Fi",57
"Latvia","Sport",9
"Latvia","Thriller",54
"Latvia","War",2
"Latvia","Western",1
"Lebanon","Action",201
"Lebanon","Adult",4
"Lebanon","Adventure",105
"Lebanon","Animation",25
"Lebanon","Biography",15
"Lebanon","Comedy",187
"Lebanon","Crime",146
"Lebanon","Documentary",12
"Lebanon","Drama",384
"Lebanon","Family",23
"Lebanon","Fantasy",54
"Lebanon","Game-Show",8
"Lebanon","History",3
"Lebanon","Horror",24
"Lebanon","Music",2
"Lebanon","Musical",2
"Lebanon","Mystery",33
"Lebanon","Reality-TV",10
"Lebanon","Romance",111
"Lebanon","Sci-Fi",25
"Lebanon","Sport",4
"Lebanon","Thriller",73
"Lebanon","War",3
"Lebanon","Western",1
"Lithuania","Action",151
"Lithuania","Adult",2
"Lithuania","Adventure",97
"Lithuania","Animation",48
"Lithuania","Biography",15
"Lithuania","Comedy",225
"Lithuania","Crime",136
"Lithuania","Documentary",20
"Lithuania","Drama",282
"Lithuania","Family",24
"Lithuania","Fantasy",45
"Lithuania","Game-Show",12
"Lithuania","History",2
"Lithuania","Horror",29
"Lithuania","Music",4
"Lithuania","Musical",1
"Lithuania","Mystery",43
"Lithuania","Reality-TV",14
"Lithuania","Romance",105
"Lithuania","Sci-Fi",40
"Lithuania","Sport",8
"Lithuania","Thriller",58
"Lithuania","War",3
"Lithuania","Western",2
"Luxembourg","Action",177
"Luxembourg","Adult",2
"Luxembourg","Adventure",129
"Luxembourg","Animation",55
"Luxembourg","Biography",10
"Luxembourg","Comedy",184
"Luxembourg","Crime",152
"Luxembourg","Documentary",21
"Luxembourg","Drama",347
"Luxembourg","Family",38
"Luxembourg","Fantasy",59
"Luxembourg","Game-Show",7
"Luxembourg","History",4
"Luxembourg","Horror",31
"Luxembourg","Music",21
"Luxembourg","Mystery",46
"Luxembourg","Reality-TV",11
"Luxembourg","Romance",97
"Luxembourg","Sci-Fi",23
"Luxembourg","Sport",11
"Luxembourg","Thriller",61
"Luxembourg","War",3
"Luxembourg","Western",2
"Malaysia","Action",210
"Malaysia","Adult",2
"Malaysia","Adventure",112
"Malaysia","Animation",41
"Malaysia","Biography",6
"Malaysia","Comedy",202
"Malaysia","Crime",143
"Malaysia","Documentary",14
"Malaysia","Drama",324
"Malaysia","Family",16
"Malaysia","Fantasy",53
"Malaysia","Game-Show",1
"Malaysia","History",4
"Malaysia","Horror",39
"Malaysia","Music",1
"Malaysia","Mystery",68
"Malaysia","Reality-TV",3
"Malaysia","Romance",105
"Malaysia","Sci-Fi",32
"Malaysia","Sport",8
"Malaysia","Thriller",85
"Malaysia","War",2
"Maldives","Action",191
"Maldives","Adult",2
"Maldives","Adventure",99
"Maldives","Animation",47
"Maldives","Biography",7
"Maldives","Comedy",199
"Maldives","Crime",150
"Maldives","Documentary",13
"Maldives","Drama",321
"Maldives","Family",20
"Maldives","Fantasy",41
"Maldives","Game-Show",6
"Maldives","Horror",32
"Maldives","Mystery",67
"Maldives","Reality-TV",8
"Maldives","Romance",108
"Maldives","Sci-Fi",32
"Maldives","Sport",2
"Maldives","Thriller",74
"Maldives","War",2
"Malta","Action",176
"Malta","Adult",2
"Malta","Adventure",93
"Malta","Animation",23
"Malta","Biography",17
"Malta","Comedy",178
"Malta","Crime",153
"Malta","Documentary",19
"Malta","Drama",348
"Malta","Family",24
"Malta","Fantasy",34
"Malta","Game-Show",8
"Malta","History",6
"Malta","Horror",25
"Malta","Music",17
"Malta","Musical",1
"Malta","Mystery",54
"Malta","Reality-TV",13
"Malta","Romance",100
"Malta","Sci-Fi",37
"Malta","Sport",7
"Malta","Thriller",70
"Malta","War",5
"Martinique","Action",215
"Martinique","Adult",2
"Martinique","Adventure",122
"Martinique","Animation",51
"Martinique","Biography",5
"Martinique","Comedy",172
"Martinique","Crime",163
"Martinique","Documentary",9
"Martinique","Drama",333
"Martinique","Family",20
"Martinique","Fantasy",52
"Martinique","Game-Show",5
"Martinique","History",2
"Martinique","Horror",33
"Martinique","Music",37
"Martinique","Mystery",37
"Martinique","Reality-TV",8
"Martinique","Romance",82
"Martinique","Sci-Fi",39
"Martinique","Sport",3
"Martinique","Thriller",71
"Martinique","Western",1
"Mauritius","Action",206
"Mauritius","Adult",2
"Mauritius","Adventure",104
"Mauritius","Animation",36
"Mauritius","Biography",4
"Mauritius","Comedy",209
"Mauritius","Crime",142
"Mauritius","Documentary",10
"Mauritius","Drama",325
"Mauritius","Family",22
"Mauritius","Fantasy",51
"Mauritius","Game-Show",7
"Mauritius","History",2
"Mauritius","Horror",38
"Mauritius","Music",5
"Mauritius","Musical",1
"Mauritius","Mystery",55
"Mauritius","Reality-TV",12
"Mauritius","Romance",102
"Mauritius","Sci-Fi",40
"Mauritius","Sport",4
"Mauritius","Thriller",68
"Mauritius","War",1
"Mexico","Action",120
"Mexico","Adult",2
"Mexico","Adventure",132
"Mexico","Animation",87
"Mexico","Biography",9
"Mexico","Comedy",224
"Mexico","Crime",106
"Mexico","Documentary",11
"Mexico","Drama",336
"Mexico","Family",19
"Mexico","Fantasy",43
"Mexico","History",5
"Mexico","Horror",31
"Mexico","Music",16
"Mexico","Musical",4
"Mexico","Mystery",40
"Mexico","Reality-TV",2
"Mexico","Romance",113
"Mexico","Sci-Fi",21
"Mexico","Sport",4
"Mexico","Thriller",62
"Mexico","War",3
"Mexico","Western",1
"Morocco","Action",254
"Morocco","Adult",3
"Morocco","Adventure",103
"Morocco","Animation",34
"Morocco","Biography",9
"Morocco","Comedy",175
"Morocco","Crime",199
"Morocco","Documentary",11
"Morocco","Drama",372
"Morocco","Family",15
"Morocco","Fantasy",36
"Morocco","Game-Show",5
"Morocco","History",8
"Morocco","Horror",30
"Morocco","Musical",1
"Morocco","Mystery",53
"Morocco","Reality-TV",9
"Morocco","Romance",79
"Morocco","Sci-Fi",27
"Morocco","Sport",4
"Morocco","Thriller",85
"Morocco","War",3
"Morocco","Western",3
"Netherlands","Action",161
"Netherlands","Adult",3
"Netherlands","Adventure",119
"Netherlands","Animation",55
"Netherlands","Biography",21
"Netherlands","Comedy",176
"Netherlands","Crime",152
"Netherlands","Documentary",21
"Netherlands","Drama",337
"Netherlands","Family",29
"Netherlands","Fantasy",48
"Netherlands","Game-Show",6
"Netherlands","History",5
"Netherlands","Horror",28
"Netherlands","Musical",4
"Netherlands","Mystery",49
"Netherlands","Reality-TV",15
"Netherlands","Romance",88
"Netherlands","Sci-Fi",27
"Netherlands","Sport",9
"Netherlands","Thriller",70
"Netherlands","War",7
"Netherlands","Western",3
"New Caledonia","Action",252
"New Caledonia","Adult",2
"New Caledonia","Adventure",158
"New Caledonia","Animation",66
"New Caledonia","Biography",9
"New Caledonia","Comedy",149
"New Caledonia","Crime",159
"New Caledonia","Documentary",12
"New Caledonia","Drama",312
"New Caledonia","Family",20
"New Caledonia","Fantasy",62
"New Caledonia","Game-Show",2
"New Caledonia","History",4
"New Caledonia","Horror",33
"New Caledonia","Music",15
"New Caledonia","Mystery",32
"New Caledonia","Reality-TV",6
"New Caledonia","Romance",59
"New Caledonia","Sci-Fi",45
"New Caledonia","Sport",4
"New Caledonia","Thriller",72
"New Caledonia","War",3
"New Caledonia","Western",1
"New Zealand","Action",194
"New Zealand","Adult",3
"New Zealand","Adventure",130
"New Zealand","Animation",73
"New Zealand","Biography",20
"New Zealand","Comedy",177
"New Zealand","Crime",146
"New Zealand","Documentary",22
"New Zealand","Drama",298
"New Zealand","Family",22
"New Zealand","Fantasy",36
"New Zealand","Film-Noir",1
"New Zealand","Game-Show",7
"New Zealand","History",7
"New Zealand","Horror",29
"New Zealand","Music",4
"New Zealand","Mystery",45
"New Zealand","Reality-TV",24
"New Zealand","Romance",66
"New Zealand","Sci-Fi",41
"New Zealand","Sport",8
"New Zealand","Thriller",68
"New Zealand","War",8
"New Zealand","Western",10
"Nicaragua","Action",132
"Nicaragua","Adult",2
"Nicaragua","Adventure",86
"Nicaragua","Animation",44
"Nicaragua","Biography",4
"Nicaragua","Comedy",200
"Nicaragua","Crime",104
"Nicaragua","Documentary",12
"Nicaragua","Drama",356
"Nicaragua","Family",19
"Nicaragua","Fantasy",37
"Nicaragua","History",2
"Nicaragua","Horror",27
"Nicaragua","Music",29
"Nicaragua","Musical",1
"Nicaragua","Mystery",38
"Nicaragua","Reality-TV",3
"Nicaragua","Romance",163
"Nicaragua","Sci-Fi",15
"Nicaragua","Sport",4
"Nicaragua","Thriller",69
"Nicaragua","War",3
"Nicaragua","Western",1
"Nigeria","Action",179
"Nigeria","Adult",4
"Nigeria","Adventure",61
"Nigeria","Animation",13
"Nigeria","Biography",12
"Nigeria","Comedy",147
"Nigeria","Crime",141
"Nigeria","Documentary",13
"Nigeria","Drama",362
"Nigeria","Family",12
"Nigeria","Fantasy",40
"Nigeria","Game-Show",6
"Nigeria","History",12
"Nigeria","Horror",26
"Nigeria","Music",2
"Nigeria","Mystery",63
"Nigeria","Reality-TV",6
"Nigeria","Romance",116
"Nigeria","Sci-Fi",40
"Nigeria","Sport",2
"Nigeria","Thriller",59
"Nigeria","War",2
"Norway","Action",180
"Norway","Adult",3
"Norway","Adventure",120
"Norway","Animation",52
"Norway","Biography",22
"Norway","Comedy",184
"Norway","Crime",150
"Norway","Documentary",29
"Norway","Drama",352
"Norway","Family",27
"Norway","Fantasy",53
"Norway","Game-Show",6
"Norway","History",10
"Norway","Horror",23
"Norway","Music",3
"Norway","Mystery",40
"Norway","Reality-TV",20
"Norway","Romance",99
"Norway","Sci-Fi",26
"Norway","Sport",9
"Norway","Thriller",57
"Norway","War",10
"Norway","Western",3
"Oman","Action",198
"Oman","Adult",3
"Oman","Adventure",102
"Oman","Animation",23
"Oman","Biography",11
"Oman","Comedy",125
"Oman","Crime",122
"Oman","Documentary",8
"Oman","Drama",282
"Oman","Family",17
"Oman","Fantasy",49
"Oman","Game-Show",2
"Oman","History",2
"Oman","Horror",36
"Oman","Mystery",41
"Oman","Reality-TV",4
"Oman","Romance",61
"Oman","Sci-Fi",19
"Oman","Sport",2
"Oman","Thriller",80
"Oman","War",3
"Oman","Western",1
"Pakistan","Action",295
"Pakistan","Adult",2
"Pakistan","Adventure",103
"Pakistan","Animation",27
"Pakistan","Biography",4
"Pakistan","Comedy",156
"Pakistan","Crime",220
"Pakistan","Documentary",9
"Pakistan","Drama",373
"Pakistan","Family",16
"Pakistan","Fantasy",38
"Pakistan","Game-Show",2
"Pakistan","History",1
"Pakistan","Horror",40
"Pakistan","Musical",2
"Pakistan","Mystery",80
"Pakistan","Reality-TV",2
"Pakistan","Romance",65
"Pakistan","Sci-Fi",47
"Pakistan","Sport",3
"Pakistan","Thriller",90
"Pakistan","War",2
"Panama","Action",142
"Panama","Adult",2
"Panama","Adventure",109
"Panama","Animation",64
"Panama","Biography",9
"Panama","Comedy",202
"Panama","Crime",122
"Panama","Documentary",13
"Panama","Drama",360
"Panama","Family",18
"Panama","Fantasy",39
"Panama","Game-Show",3
"Panama","History",4
"Panama","Horror",29
"Panama","Music",20
"Panama","Musical",2
"Panama","Mystery",32
"Panama","Reality-TV",5
"Panama","Romance",155
"Panama","Sci-Fi",15
"Panama","Sport",3
"Panama","Thriller",70
"Panama","War",3
"Panama","Western",1
"Paraguay","Action",134
"Paraguay","Adult",2
"Paraguay","Adventure",102
"Paraguay","Animation",55
"Paraguay","Biography",8
"Paraguay","Comedy",205
"Paraguay","Crime",114
"Paraguay","Documentary",15
"Paraguay","Drama",370
"Paraguay","Family",13
"Paraguay","Fantasy",31
"Paraguay","Game-Show",1
"Paraguay","History",3
"Paraguay","Horror",28
"Paraguay","Music",30
"Paraguay","Mystery",44
"Paraguay","Reality-TV",4
"Paraguay","Romance",158
"Paraguay","Sci-Fi",14
"Paraguay","Sport",5
"Paraguay","Thriller",72
"Paraguay","War",3
"Paraguay","Western",2
"Peru","Action",155
"Peru","Adult",2
"Peru","Adventure",121
"Peru","Animation",67
"Peru","Biography",4
"Peru","Comedy",196
"Peru","Crime",106
"Peru","Documentary",13
"Peru","Drama",340
"Peru","Family",16
"Peru","Fantasy",41
"Peru","History",4
"Peru","Horror",27
"Peru","Music",18
"Peru","Mystery",36
"Peru","Reality-TV",3
"Peru","Romance",152
"Peru","Sci-Fi",26
"Peru","Sport",3
"Peru","Thriller",64
"Peru","War",3
"Peru","Western",1
"Philippines","Action",195
"Philippines","Adult",2
"Philippines","Adventure",101
"Philippines","Animation",35
"Philippines","Biography",8
"Philippines","Comedy",155
"Philippines","Crime",111
"Philippines","Documentary",15
"Philippines","Drama",334
"Philippines","Family",31
"Philippines","Fantasy",48
"Philippines","History",3
"Philippines","Horror",47
"Philippines","Music",20
"Philippines","Musical",4
"Philippines","Mystery",63
"Philippines","Reality-TV",1
"Philippines","Romance",105
"Philippines","Sci-Fi",47
"Philippines","Sport",2
"Philippines","Thriller",76
"Philippines","War",3
"Poland","Action",150
"Poland","Adult",2
"Poland","Adventure",166
"Poland","Animation",105
"Poland","Biography",10
"Poland","Comedy",217
"Poland","Crime",130
"Poland","Documentary",15
"Poland","Drama",309
"Poland","Family",23
"Poland","Fantasy",51
"Poland","Game-Show",3
"Poland","History",5
"Poland","Horror",39
"Poland","Music",6
"Poland","Mystery",48
"Poland","Reality-TV",5
"Poland","Romance",85
"Poland","Sci-Fi",25
"Poland","Sport",9
"Poland","Talk-Show",1
"Poland","Thriller",73
"Poland","War",3
"Poland","Western",2
"Portugal","Action",167
"Portugal","Adult",3
"Portugal","Adventure",105
"Portugal","Animation",37
"Portugal","Biography",10
"Portugal","Comedy",170
"Portugal","Crime",121
"Portugal","Documentary",17
"Portugal","Drama",327
"Portugal","Family",45
"Portugal","Fantasy",40
"Portugal","Game-Show",9
"Portugal","History",8
"Portugal","Horror",25
"Portugal","Music",53
"Portugal","Musical",21
"Portugal","Mystery",31
"Portugal","Reality-TV",14
"Portugal","Romance",101
"Portugal","Sci-Fi",19
"Portugal","Sport",9
"Portugal","Thriller",68
"Portugal","War",3
"Portugal","Western",3
"Qatar","Action",217
"Qatar","Adult",2
"Qatar","Adventure",122
"Qatar","Animation",31
"Qatar","Biography",16
"Qatar","Comedy",161
"Qatar","Crime",134
"Qatar","Documentary",14
"Qatar","Drama",347
"Qatar","Family",20
"Qatar","Fantasy",54
"Qatar","Game-Show",9
"Qatar","History",6
"Qatar","Horror",31
"Qatar","Music",1
"Qatar","Musical",2
"Qatar","Mystery",44
"Qatar","Reality-TV",14
"Qatar","Romance",105
"Qatar","Sci-Fi",24
"Qatar","Sport",7
"Qatar","Thriller",81
"Qatar","War",3
"Réunion","Action",207
"Réunion","Adult",2
"Réunion","Adventure",126
"Réunion","Animation",61
"Réunion","Biography",5
"Réunion","Comedy",177
"Réunion","Crime",139
"Réunion","Documentary",12
"Réunion","Drama",334
"Réunion","Family",26
"Réunion","Fantasy",62
"Réunion","Game-Show",4
"Réunion","History",2
"Réunion","Horror",41
"Réunion","Music",38
"Réunion","Mystery",37
"Réunion","Reality-TV",6
"Réunion","Romance",80
"Réunion","Sci-Fi",45
"Réunion","Sport",6
"Réunion","Thriller",66
"Réunion","War",1
"Réunion","Western",1
"Romania","Action",172
"Romania","Adult",3
"Romania","Adventure",101
"Romania","Animation",27
"Romania","Biography",13
"Romania","Comedy",166
"Romania","Crime",147
"Romania","Documentary",17
"Romania","Drama",368
"Romania","Family",26
"Romania","Fantasy",49
"Romania","Game-Show",9
"Romania","History",7
"Romania","Horror",29
"Romania","Music",3
"Romania","Musical",2
"Romania","Mystery",66
"Romania","Reality-TV",15
"Romania","Romance",104
"Romania","Sci-Fi",22
"Romania","Sport",8
"Romania","Thriller",79
"Romania","War",4
"Romania","Western",2
"Russia","Action",263
"Russia","Adult",3
"Russia","Adventure",135
"Russia","Animation",60
"Russia","Biography",15
"Russia","Comedy",178
"Russia","Crime",212
"Russia","Documentary",18
"Russia","Drama",340
"Russia","Family",30
"Russia","Fantasy",46
"Russia","History",8
"Russia","Horror",39
"Russia","Music",2
"Russia","Mystery",46
"Russia","Reality-TV",3
"Russia","Romance",72
"Russia","Sci-Fi",18
"Russia","Sport",6
"Russia","Talk-Show",1
"Russia","Thriller",68
"Russia","War",2
"Russia","Western",2
"Saudi Arabia","Action",234
"Saudi Arabia","Adult",3
"Saudi Arabia","Adventure",99
"Saudi Arabia","Animation",41
"Saudi Arabia","Biography",16
"Saudi Arabia","Comedy",154
"Saudi Arabia","Crime",163
"Saudi Arabia","Documentary",8
"Saudi Arabia","Drama",348
"Saudi Arabia","Family",22
"Saudi Arabia","Fantasy",45
"Saudi Arabia","Game-Show",4
"Saudi Arabia","History",5
"Saudi Arabia","Horror",40
"Saudi Arabia","Mystery",46
"Saudi Arabia","Reality-TV",7
"Saudi Arabia","Romance",82
"Saudi Arabia","Sci-Fi",23
"Saudi Arabia","Sport",3
"Saudi Arabia","Talk-Show",3
"Saudi Arabia","Thriller",86
"Saudi Arabia","War",3
"Saudi Arabia","Western",3
"Serbia","Action",207
"Serbia","Adult",3
"Serbia","Adventure",116
"Serbia","Animation",38
"Serbia","Biography",11
"Serbia","Comedy",187
"Serbia","Crime",160
"Serbia","Documentary",18
"Serbia","Drama",326
"Serbia","Family",25
"Serbia","Fantasy",41
"Serbia","Game-Show",7
"Serbia","History",4
"Serbia","Horror",29
"Serbia","Music",4
"Serbia","Mystery",42
"Serbia","Reality-TV",11
"Serbia","Romance",104
"Serbia","Sci-Fi",21
"Serbia","Sport",9
"Serbia","Thriller",76
"Serbia","War",3
"Serbia","Western",1
"Singapore","Action",217
"Singapore","Adult",2
"Singapore","Adventure",105
"Singapore","Animation",29
"Singapore","Biography",9
"Singapore","Comedy",173
"Singapore","Crime",129
"Singapore","Documentary",19
"Singapore","Drama",329
"Singapore","Family",13
"Singapore","Fantasy",45
"Singapore","Game-Show",6
"Singapore","History",5
"Singapore","Horror",37
"Singapore","Music",1
"Singapore","Mystery",73
"Singapore","Reality-TV",18
"Singapore","Romance",91
"Singapore","Sci-Fi",46
"Singapore","Sport",9
"Singapore","Talk-Show",1
"Singapore","Thriller",89
"Singapore","War",3
"Slovakia","Action",197
"Slovakia","Adult",3
"Slovakia","Adventure",136
"Slovakia","Animation",69
"Slovakia","Biography",20
"Slovakia","Comedy",193
"Slovakia","Crime",145
"Slovakia","Documentary",29
"Slovakia","Drama",322
"Slovakia","Family",30
"Slovakia","Fantasy",49
"Slovakia","Game-Show",12
"Slovakia","History",6
"Slovakia","Horror",35
"Slovakia","Music",6
"Slovakia","Mystery",47
"Slovakia","Reality-TV",17
"Slovakia","Romance",87
"Slovakia","Sci-Fi",16
"Slovakia","Sport",12
"Slovakia","Thriller",59
"Slovakia","War",3
"Slovakia","Western",1
"Slovenia","Action",188
"Slovenia","Adult",3
"Slovenia","Adventure",117
"Slovenia","Animation",40
"Slovenia","Biography",13
"Slovenia","Comedy",192
"Slovenia","Crime",124
"Slovenia","Documentary",22
"Slovenia","Drama",280
"Slovenia","Family",29
"Slovenia","Fantasy",46
"Slovenia","Game-Show",10
"Slovenia","History",5
"Slovenia","Horror",30
"Slovenia","Music",5
"Slovenia","Musical",1
"Slovenia","Mystery",36
"Slovenia","Reality-TV",17
"Slovenia","Romance",90
"Slovenia","Sci-Fi",31
"Slovenia","Sport",11
"Slovenia","Thriller",55
"Slovenia","War",3
"Slovenia","Western",1
"South Africa","Action",185
"South Africa","Adult",2
"South Africa","Adventure",95
"South Africa","Animation",47
"South Africa","Biography",11
"South Africa","Comedy",199
"South Africa","Crime",121
"South Africa","Documentary",19
"South Africa","Drama",345
"South Africa","Family",21
"South Africa","Fantasy",39
"South Africa","Game-Show",10
"South Africa","History",6
"South Africa","Horror",28
"South Africa","Music",3
"South Africa","Musical",1
"South Africa","Mystery",57
"South Africa","News",1
"South Africa","Reality-TV",22
"South Africa","Romance",103
"South Africa","Sci-Fi",54
"South Africa","Sport",6
"South Africa","Talk-Show",1
"South Africa","Thriller",62
"South Africa","War",3
"South Africa","Western",1
"South Korea","Action",192
"South Korea","Adult",2
"South Korea","Adventure",78
"South Korea","Animation",26
"South Korea","Biography",5
"South Korea","Comedy",145
"South Korea","Crime",87
"South Korea","Documentary",7
"South Korea","Drama",328
"South Korea","Family",10
"South Korea","Fantasy",52
"South Korea","History",13
"South Korea","Horror",36
"South Korea","Music",3
"South Korea","Musical",4
"South Korea","Mystery",39
"South Korea","Reality-TV",5
"South Korea","Romance",112
"South Korea","Sci-Fi",35
"South Korea","Sport",8
"South Korea","Talk-Show",2
"South Korea","Thriller",87
"South Korea","War",4
"South Korea","Western",2
"Spain","Action",170
"Spain","Adult",3
"Spain","Adventure",106
"Spain","Animation",32
"Spain","Biography",5
"Spain","Comedy",183
"Spain","Crime",134
"Spain","Documentary",16
"Spain","Drama",330
"Spain","Family",25
"Spain","Fantasy",42
"Spain","Game-Show",5
"Spain","History",4
"Spain","Horror",34
"Spain","Music",21
"Spain","Mystery",44
"Spain","Reality-TV",10
"Spain","Romance",130
"Spain","Sci-Fi",26
"Spain","Sport",9
"Spain","Thriller",58
"Spain","War",3
"Spain","Western",3
"Sri Lanka","Action",185
"Sri Lanka","Adult",2
"Sri Lanka","Adventure",80
"Sri Lanka","Animation",23
"Sri Lanka","Biography",8
"Sri Lanka","Comedy",191
"Sri Lanka","Crime",142
"Sri Lanka","Documentary",13
"Sri Lanka","Drama",360
"Sri Lanka","Family",24
"Sri Lanka","Fantasy",38
"Sri Lanka","Game-Show",5
"Sri Lanka","History",1
"Sri Lanka","Horror",26
"Sri Lanka","Musical",2
"Sri Lanka","Mystery",74
"Sri Lanka","Reality-TV",6
"Sri Lanka","Romance",113
"Sri Lanka","Sci-Fi",38
"Sri Lanka","Sport",4
"Sri Lanka","Thriller",67
"Sri Lanka","War",4
"Sweden","Action",183
"Sweden","Adult",4
"Sweden","Adventure",130
"Sweden","Animation",59
"Sweden","Biography",19
"Sweden","Comedy",172
"Sweden","Crime",142
"Sweden","Documentary",23
"Sweden","Drama",342
"Sweden","Family",25
"Sweden","Fantasy",55
"Sweden","Game-Show",6
"Sweden","History",9
"Sweden","Horror",26
"Sweden","Music",6
"Sweden","Musical",2
"Sweden","Mystery",44
"Sweden","Reality-TV",17
"Sweden","Romance",88
"Sweden","Sci-Fi",29
"Sweden","Sport",8
"Sweden","Thriller",58
"Sweden","War",10
"Sweden","Western",3
"Switzerland","Action",191
"Switzerland","Adult",3
"Switzerland","Adventure",131
"Switzerland","Animation",34
"Switzerland","Biography",13
"Switzerland","Comedy",186
"Switzerland","Crime",177
"Switzerland","Documentary",25
"Switzerland","Drama",335
"Switzerland","Family",42
"Switzerland","Fantasy",63
"Switzerland","Game-Show",5
"Switzerland","History",6
"Switzerland","Horror",31
"Switzerland","Music",7
"Switzerland","Mystery",54
"Switzerland","Reality-TV",12
"Switzerland","Romance",94
"Switzerland","Sci-Fi",35
"Switzerland","Sport",11
"Switzerland","Talk-Show",1
"Switzerland","Thriller",67
"Switzerland","War",4
"Switzerland","Western",2
"Taiwan","Action",195
"Taiwan","Adult",2
"Taiwan","Adventure",94
"Taiwan","Animation",32
"Taiwan","Biography",17
"Taiwan","Comedy",165
"Taiwan","Crime",112
"Taiwan","Documentary",13
"Taiwan","Drama",361
"Taiwan","Family",14
"Taiwan","Fantasy",59
"Taiwan","Game-Show",1
"Taiwan","History",4
"Taiwan","Horror",34
"Taiwan","Music",3
"Taiwan","Mystery",81
"Taiwan","Reality-TV",1
"Taiwan","Romance",158
"Taiwan","Sci-Fi",40
"Taiwan","Sport",11
"Taiwan","Thriller",67
"Taiwan","War",3
"Thailand","Action",209
"Thailand","Adult",2
"Thailand","Adventure",153
"Thailand","Animation",47
"Thailand","Biography",7
"Thailand","Comedy",209
"Thailand","Crime",108
"Thailand","Documentary",10
"Thailand","Drama",279
"Thailand","Family",13
"Thailand","Fantasy",62
"Thailand","History",14
"Thailand","Horror",41
"Thailand","Music",1
"Thailand","Mystery",59
"Thailand","Romance",136
"Thailand","Sci-Fi",46
"Thailand","Sport",4
"Thailand","Thriller",81
"Thailand","War",3
"Thailand","Western",3
"Trinidad and Tobago","Action",198
"Trinidad and Tobago","Adult",3
"Trinidad and Tobago","Adventure",110
"Trinidad and Tobago","Animation",58
"Trinidad and Tobago","Biography",8
"Trinidad and Tobago","Comedy",181
"Trinidad and Tobago","Crime",146
"Trinidad and Tobago","Documentary",11
"Trinidad and Tobago","Drama",319
"Trinidad and Tobago","Family",23
"Trinidad and Tobago","Fantasy",51
"Trinidad and Tobago","Game-Show",6
"Trinidad and Tobago","History",3
"Trinidad and Tobago","Horror",31
"Trinidad and Tobago","Music",3
"Trinidad and Tobago","Mystery",37
"Trinidad and Tobago","Reality-TV",9
"Trinidad and Tobago","Romance",90
"Trinidad and Tobago","Sci-Fi",24
"Trinidad and Tobago","Sport",5
"Trinidad and Tobago","Thriller",83
"Trinidad and Tobago","War",3
"Trinidad and Tobago","Western",1
"Turkey","Action",208
"Turkey","Adult",3
"Turkey","Adventure",112
"Turkey","Animation",30
"Turkey","Biography",15
"Turkey","Comedy",164
"Turkey","Crime",151
"Turkey","Documentary",17
"Turkey","Drama",367
"Turkey","Family",24
"Turkey","Fantasy",69
"Turkey","Game-Show",3
"Turkey","History",4
"Turkey","Horror",41
"Turkey","Music",1
"Turkey","Musical",3
"Turkey","Mystery",51
"Turkey","Reality-TV",19
"Turkey","Romance",93
"Turkey","Sci-Fi",32
"Turkey","Sport",4
"Turkey","Talk-Show",3
"Turkey","Thriller",73
"Turkey","War",4
"Turkey","Western",2
"Ukraine","Action",224
"Ukraine","Adult",3
"Ukraine","Adventure",139
"Ukraine","Animation",63
"Ukraine","Biography",22
"Ukraine","Comedy",188
"Ukraine","Crime",180
"Ukraine","Documentary",22
"Ukraine","Drama",334
"Ukraine","Family",30
"Ukraine","Fantasy",44
"Ukraine","Game-Show",2
"Ukraine","History",9
"Ukraine","Horror",33
"Ukraine","Music",3
"Ukraine","Mystery",42
"Ukraine","Reality-TV",5
"Ukraine","Romance",80
"Ukraine","Sci-Fi",21
"Ukraine","Sport",7
"Ukraine","Talk-Show",1
"Ukraine","Thriller",71
"Ukraine","War",2
"Ukraine","Western",2
"United Arab Emirates","Action",215
"United Arab Emirates","Adult",2
"United Arab Emirates","Adventure",122
"United Arab Emirates","Animation",37
"United Arab Emirates","Biography",19
"United Arab Emirates","Comedy",171
"United Arab Emirates","Crime",141
"United Arab Emirates","Documentary",15
"United Arab Emirates","Drama",352
"United Arab Emirates","Family",18
"United Arab Emirates","Fantasy",52
"United Arab Emirates","Game-Show",9
"United Arab Emirates","History",4
"United Arab Emirates","Horror",32
"United Arab Emirates","Music",1
"United Arab Emirates","Mystery",44
"United Arab Emirates","Reality-TV",16
"United Arab Emirates","Romance",109
"United Arab Emirates","Sci-Fi",23
"United Arab Emirates","Sport",6
"United Arab Emirates","Thriller",75
"United Arab Emirates","War",3
"United Kingdom","Action",180
"United Kingdom","Adult",3
"United Kingdom","Adventure",143
"United Kingdom","Animation",60
"United Kingdom","Biography",14
"United Kingdom","Comedy",223
"United Kingdom","Crime",114
"United Kingdom","Documentary",29
"United Kingdom","Drama",280
"United Kingdom","Family",28
"United Kingdom","Fantasy",41
"United Kingdom","Game-Show",5
"United Kingdom","History",6
"United Kingdom","Horror",28
"United Kingdom","Music",1
"United Kingdom","Musical",3
"United Kingdom","Mystery",32
"United Kingdom","Reality-TV",20
"United Kingdom","Romance",86
"United Kingdom","Sci-Fi",36
"United Kingdom","Sport",7
"United Kingdom","Thriller",60
"United Kingdom","War",4
"United Kingdom","Western",3
"United States","Action",147
"United States","Adult",4
"United States","Adventure",111
"United States","Animation",53
"United States","Biography",10
"United States","Comedy",168
"United States","Crime",113
"United States","Documentary",18
"United States","Drama",287
"United States","Family",37
"United States","Fantasy",36
"United States","Game-Show",10
"United States","History",4
"United States","Horror",32
"United States","Music",9
"United States","Mystery",45
"United States","Reality-TV",27
"United States","Romance",81
"United States","Sci-Fi",32
"United States","Sport",17
"United States","Thriller",48
"United States","War",4
"United States","Western",5
"Uruguay","Action",137
"Uruguay","Adult",2
"Uruguay","Adventure",106
"Uruguay","Animation",49
"Uruguay","Biography",16
"Uruguay","Comedy",180
"Uruguay","Crime",151
"Uruguay","Documentary",15
"Uruguay","Drama",388
"Uruguay","Family",16
"Uruguay","Fantasy",37
"Uruguay","Game-Show",1
"Uruguay","History",8
"Uruguay","Horror",35
"Uruguay","Music",34
"Uruguay","Mystery",51
"Uruguay","Reality-TV",3
"Uruguay","Romance",100
"Uruguay","Sci-Fi",13
"Uruguay","Sport",6
"Uruguay","Thriller",85
"Uruguay","War",4
"Uruguay","Western",3
"Venezuela","Action",134
"Venezuela","Adult",2
"Venezuela","Adventure",82
"Venezuela","Animation",39
"Venezuela","Biography",9
"Venezuela","Comedy",184
"Venezuela","Crime",123
"Venezuela","Documentary",16
"Venezuela","Drama",334
"Venezuela","Family",18
"Venezuela","Fantasy",30
"Venezuela","History",3
"Venezuela","Horror",30
"Venezuela","Music",26
"Venezuela","Mystery",35
"Venezuela","Reality-TV",3
"Venezuela","Romance",127
"Venezuela","Sci-Fi",11
"Venezuela","Sport",6
"Venezuela","Thriller",80
"Venezuela","War",4
"Venezuela","Western",2
"Vietnam","Action",239
"Vietnam","Adult",2
"Vietnam","Adventure",132
"Vietnam","Animation",22
"Vietnam","Biography",9
"Vietnam","Comedy",246
"Vietnam","Crime",130
"Vietnam","Documentary",10
"Vietnam","Drama",355
"Vietnam","Family",30
"Vietnam","Fantasy",60
"Vietnam","Game-Show",1
"Vietnam","History",13
"Vietnam","Horror",33
"Vietnam","Music",3
"Vietnam","Mystery",61
"Vietnam","Reality-TV",1
"Vietnam","Romance",127
"Vietnam","Sci-Fi",47
"Vietnam","Thriller",94
"Vietnam","War",5
"Vietnam","Western",1
