"id","n","label","parent"
"total",120995,NA,NA
"total  -  Action",17624,"Action","total"
"total  -  Adventure",10927,"Adventure","total"
"total  -  Animation",4051,"Animation","total"
"total  -  Biography",31,"Biography","total"
"total  -  Comedy",17632,"Comedy","total"
"total  -  Crime",12931,"Crime","total"
"total  -  Drama",31197,"Drama","total"
"total  -  Family",408,"Family","total"
"total  -  Fantasy",4037,"Fantasy","total"
"total  -  Horror",436,"Horror","total"
"total  -  Music",53,"Music","total"
"total  -  Musical",51,"Musical","total"
"total  -  Mystery",4045,"Mystery","total"
"total  -  Romance",9774,"Romance","total"
"total  -  Sci Fi",1244,"Sci Fi","total"
"total  -  Thriller",6554,"Thriller","total"
"total  -  Action  -  Argentina",133,"Argentina","total  -  Action"
"total  -  Adventure  -  Argentina",103,"Argentina","total  -  Adventure"
"total  -  Animation  -  Argentina",57,"Argentina","total  -  Animation"
"total  -  Comedy  -  Argentina",184,"Argentina","total  -  Comedy"
"total  -  Crime  -  Argentina",135,"Argentina","total  -  Crime"
"total  -  Drama  -  Argentina",409,"Argentina","total  -  Drama"
"total  -  Fantasy  -  Argentina",37,"Argentina","total  -  Fantasy"
"total  -  Mystery  -  Argentina",51,"Argentina","total  -  Mystery"
"total  -  Romance  -  Argentina",142,"Argentina","total  -  Romance"
"total  -  Thriller  -  Argentina",82,"Argentina","total  -  Thriller"
"total  -  Action  -  Australia",189,"Australia","total  -  Action"
"total  -  Adventure  -  Australia",137,"Australia","total  -  Adventure"
"total  -  Animation  -  Australia",56,"Australia","total  -  Animation"
"total  -  Comedy  -  Australia",191,"Australia","total  -  Comedy"
"total  -  Crime  -  Australia",145,"Australia","total  -  Crime"
"total  -  Drama  -  Australia",290,"Australia","total  -  Drama"
"total  -  Fantasy  -  Australia",54,"Australia","total  -  Fantasy"
"total  -  Romance  -  Australia",79,"Australia","total  -  Romance"
"total  -  Sci Fi  -  Australia",55,"Australia","total  -  Sci Fi"
"total  -  Thriller  -  Australia",60,"Australia","total  -  Thriller"
"total  -  Action  -  Austria",197,"Austria","total  -  Action"
"total  -  Adventure  -  Austria",140,"Austria","total  -  Adventure"
"total  -  Comedy  -  Austria",190,"Austria","total  -  Comedy"
"total  -  Crime  -  Austria",167,"Austria","total  -  Crime"
"total  -  Drama  -  Austria",314,"Austria","total  -  Drama"
"total  -  Family  -  Austria",45,"Austria","total  -  Family"
"total  -  Fantasy  -  Austria",65,"Austria","total  -  Fantasy"
"total  -  Mystery  -  Austria",57,"Austria","total  -  Mystery"
"total  -  Romance  -  Austria",84,"Austria","total  -  Romance"
"total  -  Thriller  -  Austria",79,"Austria","total  -  Thriller"
"total  -  Action  -  Bahamas",184,"Bahamas","total  -  Action"
"total  -  Adventure  -  Bahamas",101,"Bahamas","total  -  Adventure"
"total  -  Animation  -  Bahamas",77,"Bahamas","total  -  Animation"
"total  -  Comedy  -  Bahamas",189,"Bahamas","total  -  Comedy"
"total  -  Crime  -  Bahamas",142,"Bahamas","total  -  Crime"
"total  -  Drama  -  Bahamas",300,"Bahamas","total  -  Drama"
"total  -  Family  -  Bahamas",46,"Bahamas","total  -  Family"
"total  -  Fantasy  -  Bahamas",43,"Bahamas","total  -  Fantasy"
"total  -  Romance  -  Bahamas",73,"Bahamas","total  -  Romance"
"total  -  Thriller  -  Bahamas",88,"Bahamas","total  -  Thriller"
"total  -  Action  -  Bahrain",206,"Bahrain","total  -  Action"
"total  -  Adventure  -  Bahrain",112,"Bahrain","total  -  Adventure"
"total  -  Animation  -  Bahrain",36,"Bahrain","total  -  Animation"
"total  -  Comedy  -  Bahrain",169,"Bahrain","total  -  Comedy"
"total  -  Crime  -  Bahrain",136,"Bahrain","total  -  Crime"
"total  -  Drama  -  Bahrain",329,"Bahrain","total  -  Drama"
"total  -  Fantasy  -  Bahrain",48,"Bahrain","total  -  Fantasy"
"total  -  Mystery  -  Bahrain",46,"Bahrain","total  -  Mystery"
"total  -  Romance  -  Bahrain",91,"Bahrain","total  -  Romance"
"total  -  Thriller  -  Bahrain",79,"Bahrain","total  -  Thriller"
"total  -  Action  -  Bangladesh",223,"Bangladesh","total  -  Action"
"total  -  Adventure  -  Bangladesh",92,"Bangladesh","total  -  Adventure"
"total  -  Animation  -  Bangladesh",31,"Bangladesh","total  -  Animation"
"total  -  Comedy  -  Bangladesh",194,"Bangladesh","total  -  Comedy"
"total  -  Crime  -  Bangladesh",165,"Bangladesh","total  -  Crime"
"total  -  Drama  -  Bangladesh",368,"Bangladesh","total  -  Drama"
"total  -  Fantasy  -  Bangladesh",31,"Bangladesh","total  -  Fantasy"
"total  -  Mystery  -  Bangladesh",85,"Bangladesh","total  -  Mystery"
"total  -  Romance  -  Bangladesh",100,"Bangladesh","total  -  Romance"
"total  -  Sci Fi  -  Bangladesh",42,"Bangladesh","total  -  Sci Fi"
"total  -  Thriller  -  Bangladesh",72,"Bangladesh","total  -  Thriller"
"total  -  Action  -  Belgium",202,"Belgium","total  -  Action"
"total  -  Adventure  -  Belgium",136,"Belgium","total  -  Adventure"
"total  -  Animation  -  Belgium",56,"Belgium","total  -  Animation"
"total  -  Comedy  -  Belgium",197,"Belgium","total  -  Comedy"
"total  -  Crime  -  Belgium",139,"Belgium","total  -  Crime"
"total  -  Drama  -  Belgium",314,"Belgium","total  -  Drama"
"total  -  Fantasy  -  Belgium",64,"Belgium","total  -  Fantasy"
"total  -  Mystery  -  Belgium",46,"Belgium","total  -  Mystery"
"total  -  Romance  -  Belgium",84,"Belgium","total  -  Romance"
"total  -  Thriller  -  Belgium",63,"Belgium","total  -  Thriller"
"total  -  Action  -  Bolivia",157,"Bolivia","total  -  Action"
"total  -  Adventure  -  Bolivia",141,"Bolivia","total  -  Adventure"
"total  -  Animation  -  Bolivia",99,"Bolivia","total  -  Animation"
"total  -  Comedy  -  Bolivia",224,"Bolivia","total  -  Comedy"
"total  -  Crime  -  Bolivia",88,"Bolivia","total  -  Crime"
"total  -  Drama  -  Bolivia",315,"Bolivia","total  -  Drama"
"total  -  Fantasy  -  Bolivia",39,"Bolivia","total  -  Fantasy"
"total  -  Mystery  -  Bolivia",39,"Bolivia","total  -  Mystery"
"total  -  Romance  -  Bolivia",151,"Bolivia","total  -  Romance"
"total  -  Thriller  -  Bolivia",50,"Bolivia","total  -  Thriller"
"total  -  Action  -  Brazil",152,"Brazil","total  -  Action"
"total  -  Adventure  -  Brazil",156,"Brazil","total  -  Adventure"
"total  -  Animation  -  Brazil",73,"Brazil","total  -  Animation"
"total  -  Comedy  -  Brazil",178,"Brazil","total  -  Comedy"
"total  -  Crime  -  Brazil",117,"Brazil","total  -  Crime"
"total  -  Drama  -  Brazil",306,"Brazil","total  -  Drama"
"total  -  Family  -  Brazil",101,"Brazil","total  -  Family"
"total  -  Musical  -  Brazil",51,"Brazil","total  -  Musical"
"total  -  Romance  -  Brazil",123,"Brazil","total  -  Romance"
"total  -  Thriller  -  Brazil",59,"Brazil","total  -  Thriller"
"total  -  Action  -  Bulgaria",218,"Bulgaria","total  -  Action"
"total  -  Adventure  -  Bulgaria",129,"Bulgaria","total  -  Adventure"
"total  -  Animation  -  Bulgaria",49,"Bulgaria","total  -  Animation"
"total  -  Comedy  -  Bulgaria",192,"Bulgaria","total  -  Comedy"
"total  -  Crime  -  Bulgaria",128,"Bulgaria","total  -  Crime"
"total  -  Drama  -  Bulgaria",316,"Bulgaria","total  -  Drama"
"total  -  Fantasy  -  Bulgaria",54,"Bulgaria","total  -  Fantasy"
"total  -  Mystery  -  Bulgaria",41,"Bulgaria","total  -  Mystery"
"total  -  Romance  -  Bulgaria",108,"Bulgaria","total  -  Romance"
"total  -  Thriller  -  Bulgaria",63,"Bulgaria","total  -  Thriller"
"total  -  Action  -  Canada",177,"Canada","total  -  Action"
"total  -  Adventure  -  Canada",105,"Canada","total  -  Adventure"
"total  -  Animation  -  Canada",56,"Canada","total  -  Animation"
"total  -  Comedy  -  Canada",191,"Canada","total  -  Comedy"
"total  -  Crime  -  Canada",159,"Canada","total  -  Crime"
"total  -  Drama  -  Canada",285,"Canada","total  -  Drama"
"total  -  Fantasy  -  Canada",39,"Canada","total  -  Fantasy"
"total  -  Mystery  -  Canada",49,"Canada","total  -  Mystery"
"total  -  Romance  -  Canada",86,"Canada","total  -  Romance"
"total  -  Thriller  -  Canada",67,"Canada","total  -  Thriller"
"total  -  Action  -  Chile",127,"Chile","total  -  Action"
"total  -  Adventure  -  Chile",122,"Chile","total  -  Adventure"
"total  -  Animation  -  Chile",75,"Chile","total  -  Animation"
"total  -  Comedy  -  Chile",209,"Chile","total  -  Comedy"
"total  -  Crime  -  Chile",104,"Chile","total  -  Crime"
"total  -  Drama  -  Chile",374,"Chile","total  -  Drama"
"total  -  Fantasy  -  Chile",36,"Chile","total  -  Fantasy"
"total  -  Mystery  -  Chile",38,"Chile","total  -  Mystery"
"total  -  Romance  -  Chile",161,"Chile","total  -  Romance"
"total  -  Thriller  -  Chile",62,"Chile","total  -  Thriller"
"total  -  Action  -  Colombia",140,"Colombia","total  -  Action"
"total  -  Adventure  -  Colombia",109,"Colombia","total  -  Adventure"
"total  -  Animation  -  Colombia",62,"Colombia","total  -  Animation"
"total  -  Comedy  -  Colombia",201,"Colombia","total  -  Comedy"
"total  -  Crime  -  Colombia",112,"Colombia","total  -  Crime"
"total  -  Drama  -  Colombia",313,"Colombia","total  -  Drama"
"total  -  Fantasy  -  Colombia",39,"Colombia","total  -  Fantasy"
"total  -  Mystery  -  Colombia",38,"Colombia","total  -  Mystery"
"total  -  Romance  -  Colombia",136,"Colombia","total  -  Romance"
"total  -  Thriller  -  Colombia",74,"Colombia","total  -  Thriller"
"total  -  Action  -  Costa Rica",121,"Costa Rica","total  -  Action"
"total  -  Adventure  -  Costa Rica",99,"Costa Rica","total  -  Adventure"
"total  -  Animation  -  Costa Rica",62,"Costa Rica","total  -  Animation"
"total  -  Comedy  -  Costa Rica",217,"Costa Rica","total  -  Comedy"
"total  -  Crime  -  Costa Rica",103,"Costa Rica","total  -  Crime"
"total  -  Drama  -  Costa Rica",366,"Costa Rica","total  -  Drama"
"total  -  Fantasy  -  Costa Rica",35,"Costa Rica","total  -  Fantasy"
"total  -  Mystery  -  Costa Rica",35,"Costa Rica","total  -  Mystery"
"total  -  Romance  -  Costa Rica",173,"Costa Rica","total  -  Romance"
"total  -  Thriller  -  Costa Rica",71,"Costa Rica","total  -  Thriller"
"total  -  Action  -  Croatia",175,"Croatia","total  -  Action"
"total  -  Adventure  -  Croatia",116,"Croatia","total  -  Adventure"
"total  -  Animation  -  Croatia",54,"Croatia","total  -  Animation"
"total  -  Comedy  -  Croatia",205,"Croatia","total  -  Comedy"
"total  -  Crime  -  Croatia",138,"Croatia","total  -  Crime"
"total  -  Drama  -  Croatia",307,"Croatia","total  -  Drama"
"total  -  Fantasy  -  Croatia",38,"Croatia","total  -  Fantasy"
"total  -  Mystery  -  Croatia",41,"Croatia","total  -  Mystery"
"total  -  Romance  -  Croatia",103,"Croatia","total  -  Romance"
"total  -  Thriller  -  Croatia",66,"Croatia","total  -  Thriller"
"total  -  Action  -  Cyprus",204,"Cyprus","total  -  Action"
"total  -  Adventure  -  Cyprus",135,"Cyprus","total  -  Adventure"
"total  -  Animation  -  Cyprus",49,"Cyprus","total  -  Animation"
"total  -  Comedy  -  Cyprus",196,"Cyprus","total  -  Comedy"
"total  -  Crime  -  Cyprus",134,"Cyprus","total  -  Crime"
"total  -  Drama  -  Cyprus",344,"Cyprus","total  -  Drama"
"total  -  Mystery  -  Cyprus",47,"Cyprus","total  -  Mystery"
"total  -  Romance  -  Cyprus",92,"Cyprus","total  -  Romance"
"total  -  Sci Fi  -  Cyprus",48,"Cyprus","total  -  Sci Fi"
"total  -  Thriller  -  Cyprus",61,"Cyprus","total  -  Thriller"
"total  -  Action  -  Czech Republic",204,"Czech Republic","total  -  Action"
"total  -  Adventure  -  Czech Republic",150,"Czech Republic","total  -  Adventure"
"total  -  Animation  -  Czech Republic",84,"Czech Republic","total  -  Animation"
"total  -  Comedy  -  Czech Republic",191,"Czech Republic","total  -  Comedy"
"total  -  Crime  -  Czech Republic",139,"Czech Republic","total  -  Crime"
"total  -  Drama  -  Czech Republic",305,"Czech Republic","total  -  Drama"
"total  -  Fantasy  -  Czech Republic",59,"Czech Republic","total  -  Fantasy"
"total  -  Mystery  -  Czech Republic",54,"Czech Republic","total  -  Mystery"
"total  -  Romance  -  Czech Republic",76,"Czech Republic","total  -  Romance"
"total  -  Thriller  -  Czech Republic",57,"Czech Republic","total  -  Thriller"
"total  -  Action  -  Denmark",185,"Denmark","total  -  Action"
"total  -  Adventure  -  Denmark",123,"Denmark","total  -  Adventure"
"total  -  Animation  -  Denmark",58,"Denmark","total  -  Animation"
"total  -  Comedy  -  Denmark",186,"Denmark","total  -  Comedy"
"total  -  Crime  -  Denmark",152,"Denmark","total  -  Crime"
"total  -  Drama  -  Denmark",326,"Denmark","total  -  Drama"
"total  -  Fantasy  -  Denmark",53,"Denmark","total  -  Fantasy"
"total  -  Mystery  -  Denmark",42,"Denmark","total  -  Mystery"
"total  -  Romance  -  Denmark",88,"Denmark","total  -  Romance"
"total  -  Thriller  -  Denmark",60,"Denmark","total  -  Thriller"
"total  -  Action  -  Dominican Republic",174,"Dominican Republic","total  -  Action"
"total  -  Adventure  -  Dominican Republic",109,"Dominican Republic","total  -  Adventure"
"total  -  Animation  -  Dominican Republic",51,"Dominican Republic","total  -  Animation"
"total  -  Comedy  -  Dominican Republic",167,"Dominican Republic","total  -  Comedy"
"total  -  Crime  -  Dominican Republic",118,"Dominican Republic","total  -  Crime"
"total  -  Drama  -  Dominican Republic",329,"Dominican Republic","total  -  Drama"
"total  -  Fantasy  -  Dominican Republic",47,"Dominican Republic","total  -  Fantasy"
"total  -  Mystery  -  Dominican Republic",34,"Dominican Republic","total  -  Mystery"
"total  -  Romance  -  Dominican Republic",125,"Dominican Republic","total  -  Romance"
"total  -  Thriller  -  Dominican Republic",72,"Dominican Republic","total  -  Thriller"
"total  -  Action  -  Ecuador",143,"Ecuador","total  -  Action"
"total  -  Adventure  -  Ecuador",122,"Ecuador","total  -  Adventure"
"total  -  Animation  -  Ecuador",71,"Ecuador","total  -  Animation"
"total  -  Comedy  -  Ecuador",211,"Ecuador","total  -  Comedy"
"total  -  Crime  -  Ecuador",89,"Ecuador","total  -  Crime"
"total  -  Drama  -  Ecuador",315,"Ecuador","total  -  Drama"
"total  -  Fantasy  -  Ecuador",38,"Ecuador","total  -  Fantasy"
"total  -  Mystery  -  Ecuador",33,"Ecuador","total  -  Mystery"
"total  -  Romance  -  Ecuador",145,"Ecuador","total  -  Romance"
"total  -  Thriller  -  Ecuador",62,"Ecuador","total  -  Thriller"
"total  -  Action  -  Egypt",194,"Egypt","total  -  Action"
"total  -  Adventure  -  Egypt",110,"Egypt","total  -  Adventure"
"total  -  Animation  -  Egypt",36,"Egypt","total  -  Animation"
"total  -  Comedy  -  Egypt",182,"Egypt","total  -  Comedy"
"total  -  Crime  -  Egypt",122,"Egypt","total  -  Crime"
"total  -  Drama  -  Egypt",354,"Egypt","total  -  Drama"
"total  -  Fantasy  -  Egypt",45,"Egypt","total  -  Fantasy"
"total  -  Mystery  -  Egypt",40,"Egypt","total  -  Mystery"
"total  -  Romance  -  Egypt",89,"Egypt","total  -  Romance"
"total  -  Thriller  -  Egypt",73,"Egypt","total  -  Thriller"
"total  -  Action  -  El Salvador",134,"El Salvador","total  -  Action"
"total  -  Adventure  -  El Salvador",107,"El Salvador","total  -  Adventure"
"total  -  Animation  -  El Salvador",65,"El Salvador","total  -  Animation"
"total  -  Comedy  -  El Salvador",199,"El Salvador","total  -  Comedy"
"total  -  Crime  -  El Salvador",105,"El Salvador","total  -  Crime"
"total  -  Drama  -  El Salvador",330,"El Salvador","total  -  Drama"
"total  -  Fantasy  -  El Salvador",38,"El Salvador","total  -  Fantasy"
"total  -  Mystery  -  El Salvador",33,"El Salvador","total  -  Mystery"
"total  -  Romance  -  El Salvador",146,"El Salvador","total  -  Romance"
"total  -  Thriller  -  El Salvador",62,"El Salvador","total  -  Thriller"
"total  -  Action  -  Estonia",192,"Estonia","total  -  Action"
"total  -  Adventure  -  Estonia",129,"Estonia","total  -  Adventure"
"total  -  Comedy  -  Estonia",216,"Estonia","total  -  Comedy"
"total  -  Crime  -  Estonia",125,"Estonia","total  -  Crime"
"total  -  Drama  -  Estonia",276,"Estonia","total  -  Drama"
"total  -  Fantasy  -  Estonia",55,"Estonia","total  -  Fantasy"
"total  -  Mystery  -  Estonia",55,"Estonia","total  -  Mystery"
"total  -  Romance  -  Estonia",81,"Estonia","total  -  Romance"
"total  -  Sci Fi  -  Estonia",63,"Estonia","total  -  Sci Fi"
"total  -  Thriller  -  Estonia",53,"Estonia","total  -  Thriller"
"total  -  Action  -  Finland",196,"Finland","total  -  Action"
"total  -  Adventure  -  Finland",119,"Finland","total  -  Adventure"
"total  -  Animation  -  Finland",59,"Finland","total  -  Animation"
"total  -  Comedy  -  Finland",188,"Finland","total  -  Comedy"
"total  -  Crime  -  Finland",154,"Finland","total  -  Crime"
"total  -  Drama  -  Finland",336,"Finland","total  -  Drama"
"total  -  Fantasy  -  Finland",47,"Finland","total  -  Fantasy"
"total  -  Mystery  -  Finland",45,"Finland","total  -  Mystery"
"total  -  Romance  -  Finland",84,"Finland","total  -  Romance"
"total  -  Thriller  -  Finland",61,"Finland","total  -  Thriller"
"total  -  Action  -  France",203,"France","total  -  Action"
"total  -  Adventure  -  France",130,"France","total  -  Adventure"
"total  -  Animation  -  France",52,"France","total  -  Animation"
"total  -  Comedy  -  France",167,"France","total  -  Comedy"
"total  -  Crime  -  France",164,"France","total  -  Crime"
"total  -  Drama  -  France",341,"France","total  -  Drama"
"total  -  Fantasy  -  France",68,"France","total  -  Fantasy"
"total  -  Romance  -  France",76,"France","total  -  Romance"
"total  -  Sci Fi  -  France",47,"France","total  -  Sci Fi"
"total  -  Thriller  -  France",81,"France","total  -  Thriller"
"total  -  Action  -  Germany",204,"Germany","total  -  Action"
"total  -  Adventure  -  Germany",166,"Germany","total  -  Adventure"
"total  -  Animation  -  Germany",51,"Germany","total  -  Animation"
"total  -  Comedy  -  Germany",187,"Germany","total  -  Comedy"
"total  -  Crime  -  Germany",163,"Germany","total  -  Crime"
"total  -  Drama  -  Germany",311,"Germany","total  -  Drama"
"total  -  Family  -  Germany",56,"Germany","total  -  Family"
"total  -  Fantasy  -  Germany",74,"Germany","total  -  Fantasy"
"total  -  Mystery  -  Germany",51,"Germany","total  -  Mystery"
"total  -  Romance  -  Germany",74,"Germany","total  -  Romance"
"total  -  Thriller  -  Germany",81,"Germany","total  -  Thriller"
"total  -  Action  -  Greece",186,"Greece","total  -  Action"
"total  -  Adventure  -  Greece",126,"Greece","total  -  Adventure"
"total  -  Animation  -  Greece",54,"Greece","total  -  Animation"
"total  -  Comedy  -  Greece",177,"Greece","total  -  Comedy"
"total  -  Crime  -  Greece",148,"Greece","total  -  Crime"
"total  -  Drama  -  Greece",337,"Greece","total  -  Drama"
"total  -  Fantasy  -  Greece",56,"Greece","total  -  Fantasy"
"total  -  Mystery  -  Greece",51,"Greece","total  -  Mystery"
"total  -  Romance  -  Greece",91,"Greece","total  -  Romance"
"total  -  Thriller  -  Greece",57,"Greece","total  -  Thriller"
"total  -  Action  -  Guadeloupe",218,"Guadeloupe","total  -  Action"
"total  -  Adventure  -  Guadeloupe",121,"Guadeloupe","total  -  Adventure"
"total  -  Animation  -  Guadeloupe",48,"Guadeloupe","total  -  Animation"
"total  -  Comedy  -  Guadeloupe",164,"Guadeloupe","total  -  Comedy"
"total  -  Crime  -  Guadeloupe",165,"Guadeloupe","total  -  Crime"
"total  -  Drama  -  Guadeloupe",323,"Guadeloupe","total  -  Drama"
"total  -  Fantasy  -  Guadeloupe",59,"Guadeloupe","total  -  Fantasy"
"total  -  Romance  -  Guadeloupe",77,"Guadeloupe","total  -  Romance"
"total  -  Sci Fi  -  Guadeloupe",42,"Guadeloupe","total  -  Sci Fi"
"total  -  Thriller  -  Guadeloupe",70,"Guadeloupe","total  -  Thriller"
"total  -  Action  -  Guatemala",116,"Guatemala","total  -  Action"
"total  -  Adventure  -  Guatemala",107,"Guatemala","total  -  Adventure"
"total  -  Animation  -  Guatemala",66,"Guatemala","total  -  Animation"
"total  -  Comedy  -  Guatemala",215,"Guatemala","total  -  Comedy"
"total  -  Crime  -  Guatemala",97,"Guatemala","total  -  Crime"
"total  -  Drama  -  Guatemala",342,"Guatemala","total  -  Drama"
"total  -  Fantasy  -  Guatemala",36,"Guatemala","total  -  Fantasy"
"total  -  Mystery  -  Guatemala",36,"Guatemala","total  -  Mystery"
"total  -  Romance  -  Guatemala",158,"Guatemala","total  -  Romance"
"total  -  Thriller  -  Guatemala",59,"Guatemala","total  -  Thriller"
"total  -  Action  -  Honduras",130,"Honduras","total  -  Action"
"total  -  Adventure  -  Honduras",94,"Honduras","total  -  Adventure"
"total  -  Animation  -  Honduras",48,"Honduras","total  -  Animation"
"total  -  Comedy  -  Honduras",204,"Honduras","total  -  Comedy"
"total  -  Crime  -  Honduras",108,"Honduras","total  -  Crime"
"total  -  Drama  -  Honduras",353,"Honduras","total  -  Drama"
"total  -  Fantasy  -  Honduras",37,"Honduras","total  -  Fantasy"
"total  -  Mystery  -  Honduras",37,"Honduras","total  -  Mystery"
"total  -  Romance  -  Honduras",163,"Honduras","total  -  Romance"
"total  -  Thriller  -  Honduras",65,"Honduras","total  -  Thriller"
"total  -  Action  -  Hong Kong",239,"Hong Kong","total  -  Action"
"total  -  Adventure  -  Hong Kong",116,"Hong Kong","total  -  Adventure"
"total  -  Comedy  -  Hong Kong",156,"Hong Kong","total  -  Comedy"
"total  -  Crime  -  Hong Kong",117,"Hong Kong","total  -  Crime"
"total  -  Drama  -  Hong Kong",333,"Hong Kong","total  -  Drama"
"total  -  Fantasy  -  Hong Kong",63,"Hong Kong","total  -  Fantasy"
"total  -  Mystery  -  Hong Kong",71,"Hong Kong","total  -  Mystery"
"total  -  Romance  -  Hong Kong",123,"Hong Kong","total  -  Romance"
"total  -  Sci Fi  -  Hong Kong",59,"Hong Kong","total  -  Sci Fi"
"total  -  Thriller  -  Hong Kong",79,"Hong Kong","total  -  Thriller"
"total  -  Action  -  Hungary",199,"Hungary","total  -  Action"
"total  -  Adventure  -  Hungary",127,"Hungary","total  -  Adventure"
"total  -  Animation  -  Hungary",67,"Hungary","total  -  Animation"
"total  -  Comedy  -  Hungary",195,"Hungary","total  -  Comedy"
"total  -  Crime  -  Hungary",159,"Hungary","total  -  Crime"
"total  -  Drama  -  Hungary",330,"Hungary","total  -  Drama"
"total  -  Fantasy  -  Hungary",53,"Hungary","total  -  Fantasy"
"total  -  Mystery  -  Hungary",47,"Hungary","total  -  Mystery"
"total  -  Romance  -  Hungary",103,"Hungary","total  -  Romance"
"total  -  Thriller  -  Hungary",62,"Hungary","total  -  Thriller"
"total  -  Action  -  Iceland",184,"Iceland","total  -  Action"
"total  -  Adventure  -  Iceland",126,"Iceland","total  -  Adventure"
"total  -  Animation  -  Iceland",54,"Iceland","total  -  Animation"
"total  -  Comedy  -  Iceland",200,"Iceland","total  -  Comedy"
"total  -  Crime  -  Iceland",153,"Iceland","total  -  Crime"
"total  -  Drama  -  Iceland",296,"Iceland","total  -  Drama"
"total  -  Mystery  -  Iceland",43,"Iceland","total  -  Mystery"
"total  -  Romance  -  Iceland",86,"Iceland","total  -  Romance"
"total  -  Sci Fi  -  Iceland",52,"Iceland","total  -  Sci Fi"
"total  -  Thriller  -  Iceland",53,"Iceland","total  -  Thriller"
"total  -  Action  -  India",261,"India","total  -  Action"
"total  -  Adventure  -  India",80,"India","total  -  Adventure"
"total  -  Comedy  -  India",185,"India","total  -  Comedy"
"total  -  Crime  -  India",198,"India","total  -  Crime"
"total  -  Drama  -  India",382,"India","total  -  Drama"
"total  -  Fantasy  -  India",48,"India","total  -  Fantasy"
"total  -  Horror  -  India",29,"India","total  -  Horror"
"total  -  Mystery  -  India",68,"India","total  -  Mystery"
"total  -  Romance  -  India",98,"India","total  -  Romance"
"total  -  Thriller  -  India",77,"India","total  -  Thriller"
"total  -  Action  -  Indonesia",186,"Indonesia","total  -  Action"
"total  -  Adventure  -  Indonesia",86,"Indonesia","total  -  Adventure"
"total  -  Comedy  -  Indonesia",187,"Indonesia","total  -  Comedy"
"total  -  Crime  -  Indonesia",138,"Indonesia","total  -  Crime"
"total  -  Drama  -  Indonesia",340,"Indonesia","total  -  Drama"
"total  -  Fantasy  -  Indonesia",54,"Indonesia","total  -  Fantasy"
"total  -  Horror  -  Indonesia",47,"Indonesia","total  -  Horror"
"total  -  Mystery  -  Indonesia",71,"Indonesia","total  -  Mystery"
"total  -  Romance  -  Indonesia",109,"Indonesia","total  -  Romance"
"total  -  Thriller  -  Indonesia",87,"Indonesia","total  -  Thriller"
"total  -  Action  -  Ireland",141,"Ireland","total  -  Action"
"total  -  Adventure  -  Ireland",135,"Ireland","total  -  Adventure"
"total  -  Animation  -  Ireland",67,"Ireland","total  -  Animation"
"total  -  Biography  -  Ireland",31,"Ireland","total  -  Biography"
"total  -  Comedy  -  Ireland",215,"Ireland","total  -  Comedy"
"total  -  Crime  -  Ireland",132,"Ireland","total  -  Crime"
"total  -  Drama  -  Ireland",294,"Ireland","total  -  Drama"
"total  -  Mystery  -  Ireland",31,"Ireland","total  -  Mystery"
"total  -  Romance  -  Ireland",90,"Ireland","total  -  Romance"
"total  -  Thriller  -  Ireland",56,"Ireland","total  -  Thriller"
"total  -  Action  -  Israel",184,"Israel","total  -  Action"
"total  -  Adventure  -  Israel",121,"Israel","total  -  Adventure"
"total  -  Animation  -  Israel",56,"Israel","total  -  Animation"
"total  -  Comedy  -  Israel",176,"Israel","total  -  Comedy"
"total  -  Crime  -  Israel",131,"Israel","total  -  Crime"
"total  -  Drama  -  Israel",329,"Israel","total  -  Drama"
"total  -  Mystery  -  Israel",33,"Israel","total  -  Mystery"
"total  -  Romance  -  Israel",93,"Israel","total  -  Romance"
"total  -  Sci Fi  -  Israel",37,"Israel","total  -  Sci Fi"
"total  -  Thriller  -  Israel",76,"Israel","total  -  Thriller"
"total  -  Action  -  Italy",170,"Italy","total  -  Action"
"total  -  Adventure  -  Italy",89,"Italy","total  -  Adventure"
"total  -  Comedy  -  Italy",180,"Italy","total  -  Comedy"
"total  -  Crime  -  Italy",158,"Italy","total  -  Crime"
"total  -  Drama  -  Italy",371,"Italy","total  -  Drama"
"total  -  Fantasy  -  Italy",49,"Italy","total  -  Fantasy"
"total  -  Horror  -  Italy",36,"Italy","total  -  Horror"
"total  -  Mystery  -  Italy",67,"Italy","total  -  Mystery"
"total  -  Romance  -  Italy",98,"Italy","total  -  Romance"
"total  -  Sci Fi  -  Italy",36,"Italy","total  -  Sci Fi"
"total  -  Thriller  -  Italy",57,"Italy","total  -  Thriller"
"total  -  Action  -  Jamaica",217,"Jamaica","total  -  Action"
"total  -  Adventure  -  Jamaica",118,"Jamaica","total  -  Adventure"
"total  -  Animation  -  Jamaica",83,"Jamaica","total  -  Animation"
"total  -  Comedy  -  Jamaica",192,"Jamaica","total  -  Comedy"
"total  -  Crime  -  Jamaica",144,"Jamaica","total  -  Crime"
"total  -  Drama  -  Jamaica",308,"Jamaica","total  -  Drama"
"total  -  Family  -  Jamaica",36,"Jamaica","total  -  Family"
"total  -  Fantasy  -  Jamaica",57,"Jamaica","total  -  Fantasy"
"total  -  Romance  -  Jamaica",84,"Jamaica","total  -  Romance"
"total  -  Thriller  -  Jamaica",84,"Jamaica","total  -  Thriller"
"total  -  Action  -  Japan",226,"Japan","total  -  Action"
"total  -  Adventure  -  Japan",157,"Japan","total  -  Adventure"
"total  -  Animation  -  Japan",100,"Japan","total  -  Animation"
"total  -  Comedy  -  Japan",165,"Japan","total  -  Comedy"
"total  -  Crime  -  Japan",93,"Japan","total  -  Crime"
"total  -  Drama  -  Japan",284,"Japan","total  -  Drama"
"total  -  Fantasy  -  Japan",43,"Japan","total  -  Fantasy"
"total  -  Mystery  -  Japan",44,"Japan","total  -  Mystery"
"total  -  Romance  -  Japan",171,"Japan","total  -  Romance"
"total  -  Thriller  -  Japan",63,"Japan","total  -  Thriller"
"total  -  Action  -  Jordan",206,"Jordan","total  -  Action"
"total  -  Adventure  -  Jordan",102,"Jordan","total  -  Adventure"
"total  -  Animation  -  Jordan",32,"Jordan","total  -  Animation"
"total  -  Comedy  -  Jordan",237,"Jordan","total  -  Comedy"
"total  -  Crime  -  Jordan",134,"Jordan","total  -  Crime"
"total  -  Drama  -  Jordan",387,"Jordan","total  -  Drama"
"total  -  Fantasy  -  Jordan",43,"Jordan","total  -  Fantasy"
"total  -  Mystery  -  Jordan",35,"Jordan","total  -  Mystery"
"total  -  Romance  -  Jordan",83,"Jordan","total  -  Romance"
"total  -  Thriller  -  Jordan",69,"Jordan","total  -  Thriller"
"total  -  Action  -  Kenya",204,"Kenya","total  -  Action"
"total  -  Adventure  -  Kenya",90,"Kenya","total  -  Adventure"
"total  -  Comedy  -  Kenya",196,"Kenya","total  -  Comedy"
"total  -  Crime  -  Kenya",143,"Kenya","total  -  Crime"
"total  -  Drama  -  Kenya",339,"Kenya","total  -  Drama"
"total  -  Fantasy  -  Kenya",40,"Kenya","total  -  Fantasy"
"total  -  Mystery  -  Kenya",49,"Kenya","total  -  Mystery"
"total  -  Romance  -  Kenya",95,"Kenya","total  -  Romance"
"total  -  Sci Fi  -  Kenya",39,"Kenya","total  -  Sci Fi"
"total  -  Thriller  -  Kenya",75,"Kenya","total  -  Thriller"
"total  -  Action  -  Kuwait",220,"Kuwait","total  -  Action"
"total  -  Adventure  -  Kuwait",133,"Kuwait","total  -  Adventure"
"total  -  Animation  -  Kuwait",55,"Kuwait","total  -  Animation"
"total  -  Comedy  -  Kuwait",172,"Kuwait","total  -  Comedy"
"total  -  Crime  -  Kuwait",129,"Kuwait","total  -  Crime"
"total  -  Drama  -  Kuwait",324,"Kuwait","total  -  Drama"
"total  -  Fantasy  -  Kuwait",54,"Kuwait","total  -  Fantasy"
"total  -  Mystery  -  Kuwait",48,"Kuwait","total  -  Mystery"
"total  -  Romance  -  Kuwait",74,"Kuwait","total  -  Romance"
"total  -  Thriller  -  Kuwait",83,"Kuwait","total  -  Thriller"
"total  -  Action  -  Latvia",174,"Latvia","total  -  Action"
"total  -  Adventure  -  Latvia",141,"Latvia","total  -  Adventure"
"total  -  Animation  -  Latvia",81,"Latvia","total  -  Animation"
"total  -  Comedy  -  Latvia",245,"Latvia","total  -  Comedy"
"total  -  Crime  -  Latvia",128,"Latvia","total  -  Crime"
"total  -  Drama  -  Latvia",278,"Latvia","total  -  Drama"
"total  -  Mystery  -  Latvia",58,"Latvia","total  -  Mystery"
"total  -  Romance  -  Latvia",91,"Latvia","total  -  Romance"
"total  -  Sci Fi  -  Latvia",57,"Latvia","total  -  Sci Fi"
"total  -  Thriller  -  Latvia",54,"Latvia","total  -  Thriller"
"total  -  Action  -  Lebanon",201,"Lebanon","total  -  Action"
"total  -  Adventure  -  Lebanon",105,"Lebanon","total  -  Adventure"
"total  -  Animation  -  Lebanon",25,"Lebanon","total  -  Animation"
"total  -  Comedy  -  Lebanon",187,"Lebanon","total  -  Comedy"
"total  -  Crime  -  Lebanon",146,"Lebanon","total  -  Crime"
"total  -  Drama  -  Lebanon",384,"Lebanon","total  -  Drama"
"total  -  Fantasy  -  Lebanon",54,"Lebanon","total  -  Fantasy"
"total  -  Mystery  -  Lebanon",33,"Lebanon","total  -  Mystery"
"total  -  Romance  -  Lebanon",111,"Lebanon","total  -  Romance"
"total  -  Sci Fi  -  Lebanon",25,"Lebanon","total  -  Sci Fi"
"total  -  Thriller  -  Lebanon",73,"Lebanon","total  -  Thriller"
"total  -  Action  -  Lithuania",151,"Lithuania","total  -  Action"
"total  -  Adventure  -  Lithuania",97,"Lithuania","total  -  Adventure"
"total  -  Animation  -  Lithuania",48,"Lithuania","total  -  Animation"
"total  -  Comedy  -  Lithuania",225,"Lithuania","total  -  Comedy"
"total  -  Crime  -  Lithuania",136,"Lithuania","total  -  Crime"
"total  -  Drama  -  Lithuania",282,"Lithuania","total  -  Drama"
"total  -  Fantasy  -  Lithuania",45,"Lithuania","total  -  Fantasy"
"total  -  Mystery  -  Lithuania",43,"Lithuania","total  -  Mystery"
"total  -  Romance  -  Lithuania",105,"Lithuania","total  -  Romance"
"total  -  Thriller  -  Lithuania",58,"Lithuania","total  -  Thriller"
"total  -  Action  -  Luxembourg",177,"Luxembourg","total  -  Action"
"total  -  Adventure  -  Luxembourg",129,"Luxembourg","total  -  Adventure"
"total  -  Animation  -  Luxembourg",55,"Luxembourg","total  -  Animation"
"total  -  Comedy  -  Luxembourg",184,"Luxembourg","total  -  Comedy"
"total  -  Crime  -  Luxembourg",152,"Luxembourg","total  -  Crime"
"total  -  Drama  -  Luxembourg",347,"Luxembourg","total  -  Drama"
"total  -  Fantasy  -  Luxembourg",59,"Luxembourg","total  -  Fantasy"
"total  -  Mystery  -  Luxembourg",46,"Luxembourg","total  -  Mystery"
"total  -  Romance  -  Luxembourg",97,"Luxembourg","total  -  Romance"
"total  -  Thriller  -  Luxembourg",61,"Luxembourg","total  -  Thriller"
"total  -  Action  -  Malaysia",210,"Malaysia","total  -  Action"
"total  -  Adventure  -  Malaysia",112,"Malaysia","total  -  Adventure"
"total  -  Animation  -  Malaysia",41,"Malaysia","total  -  Animation"
"total  -  Comedy  -  Malaysia",202,"Malaysia","total  -  Comedy"
"total  -  Crime  -  Malaysia",143,"Malaysia","total  -  Crime"
"total  -  Drama  -  Malaysia",324,"Malaysia","total  -  Drama"
"total  -  Fantasy  -  Malaysia",53,"Malaysia","total  -  Fantasy"
"total  -  Mystery  -  Malaysia",68,"Malaysia","total  -  Mystery"
"total  -  Romance  -  Malaysia",105,"Malaysia","total  -  Romance"
"total  -  Thriller  -  Malaysia",85,"Malaysia","total  -  Thriller"
"total  -  Action  -  Maldives",191,"Maldives","total  -  Action"
"total  -  Adventure  -  Maldives",99,"Maldives","total  -  Adventure"
"total  -  Animation  -  Maldives",47,"Maldives","total  -  Animation"
"total  -  Comedy  -  Maldives",199,"Maldives","total  -  Comedy"
"total  -  Crime  -  Maldives",150,"Maldives","total  -  Crime"
"total  -  Drama  -  Maldives",321,"Maldives","total  -  Drama"
"total  -  Fantasy  -  Maldives",41,"Maldives","total  -  Fantasy"
"total  -  Mystery  -  Maldives",67,"Maldives","total  -  Mystery"
"total  -  Romance  -  Maldives",108,"Maldives","total  -  Romance"
"total  -  Thriller  -  Maldives",74,"Maldives","total  -  Thriller"
"total  -  Action  -  Malta",176,"Malta","total  -  Action"
"total  -  Adventure  -  Malta",93,"Malta","total  -  Adventure"
"total  -  Comedy  -  Malta",178,"Malta","total  -  Comedy"
"total  -  Crime  -  Malta",153,"Malta","total  -  Crime"
"total  -  Drama  -  Malta",348,"Malta","total  -  Drama"
"total  -  Fantasy  -  Malta",34,"Malta","total  -  Fantasy"
"total  -  Mystery  -  Malta",54,"Malta","total  -  Mystery"
"total  -  Romance  -  Malta",100,"Malta","total  -  Romance"
"total  -  Sci Fi  -  Malta",37,"Malta","total  -  Sci Fi"
"total  -  Thriller  -  Malta",70,"Malta","total  -  Thriller"
"total  -  Action  -  Martinique",215,"Martinique","total  -  Action"
"total  -  Adventure  -  Martinique",122,"Martinique","total  -  Adventure"
"total  -  Animation  -  Martinique",51,"Martinique","total  -  Animation"
"total  -  Comedy  -  Martinique",172,"Martinique","total  -  Comedy"
"total  -  Crime  -  Martinique",163,"Martinique","total  -  Crime"
"total  -  Drama  -  Martinique",333,"Martinique","total  -  Drama"
"total  -  Fantasy  -  Martinique",52,"Martinique","total  -  Fantasy"
"total  -  Romance  -  Martinique",82,"Martinique","total  -  Romance"
"total  -  Sci Fi  -  Martinique",39,"Martinique","total  -  Sci Fi"
"total  -  Thriller  -  Martinique",71,"Martinique","total  -  Thriller"
"total  -  Action  -  Mauritius",206,"Mauritius","total  -  Action"
"total  -  Adventure  -  Mauritius",104,"Mauritius","total  -  Adventure"
"total  -  Comedy  -  Mauritius",209,"Mauritius","total  -  Comedy"
"total  -  Crime  -  Mauritius",142,"Mauritius","total  -  Crime"
"total  -  Drama  -  Mauritius",325,"Mauritius","total  -  Drama"
"total  -  Fantasy  -  Mauritius",51,"Mauritius","total  -  Fantasy"
"total  -  Mystery  -  Mauritius",55,"Mauritius","total  -  Mystery"
"total  -  Romance  -  Mauritius",102,"Mauritius","total  -  Romance"
"total  -  Sci Fi  -  Mauritius",40,"Mauritius","total  -  Sci Fi"
"total  -  Thriller  -  Mauritius",68,"Mauritius","total  -  Thriller"
"total  -  Action  -  Mexico",120,"Mexico","total  -  Action"
"total  -  Adventure  -  Mexico",132,"Mexico","total  -  Adventure"
"total  -  Animation  -  Mexico",87,"Mexico","total  -  Animation"
"total  -  Comedy  -  Mexico",224,"Mexico","total  -  Comedy"
"total  -  Crime  -  Mexico",106,"Mexico","total  -  Crime"
"total  -  Drama  -  Mexico",336,"Mexico","total  -  Drama"
"total  -  Fantasy  -  Mexico",43,"Mexico","total  -  Fantasy"
"total  -  Mystery  -  Mexico",40,"Mexico","total  -  Mystery"
"total  -  Romance  -  Mexico",113,"Mexico","total  -  Romance"
"total  -  Thriller  -  Mexico",62,"Mexico","total  -  Thriller"
"total  -  Action  -  Morocco",254,"Morocco","total  -  Action"
"total  -  Adventure  -  Morocco",103,"Morocco","total  -  Adventure"
"total  -  Animation  -  Morocco",34,"Morocco","total  -  Animation"
"total  -  Comedy  -  Morocco",175,"Morocco","total  -  Comedy"
"total  -  Crime  -  Morocco",199,"Morocco","total  -  Crime"
"total  -  Drama  -  Morocco",372,"Morocco","total  -  Drama"
"total  -  Fantasy  -  Morocco",36,"Morocco","total  -  Fantasy"
"total  -  Mystery  -  Morocco",53,"Morocco","total  -  Mystery"
"total  -  Romance  -  Morocco",79,"Morocco","total  -  Romance"
"total  -  Thriller  -  Morocco",85,"Morocco","total  -  Thriller"
"total  -  Action  -  Netherlands",161,"Netherlands","total  -  Action"
"total  -  Adventure  -  Netherlands",119,"Netherlands","total  -  Adventure"
"total  -  Animation  -  Netherlands",55,"Netherlands","total  -  Animation"
"total  -  Comedy  -  Netherlands",176,"Netherlands","total  -  Comedy"
"total  -  Crime  -  Netherlands",152,"Netherlands","total  -  Crime"
"total  -  Drama  -  Netherlands",337,"Netherlands","total  -  Drama"
"total  -  Fantasy  -  Netherlands",48,"Netherlands","total  -  Fantasy"
"total  -  Mystery  -  Netherlands",49,"Netherlands","total  -  Mystery"
"total  -  Romance  -  Netherlands",88,"Netherlands","total  -  Romance"
"total  -  Thriller  -  Netherlands",70,"Netherlands","total  -  Thriller"
"total  -  Action  -  New Caledonia",252,"New Caledonia","total  -  Action"
"total  -  Adventure  -  New Caledonia",158,"New Caledonia","total  -  Adventure"
"total  -  Animation  -  New Caledonia",66,"New Caledonia","total  -  Animation"
"total  -  Comedy  -  New Caledonia",149,"New Caledonia","total  -  Comedy"
"total  -  Crime  -  New Caledonia",159,"New Caledonia","total  -  Crime"
"total  -  Drama  -  New Caledonia",312,"New Caledonia","total  -  Drama"
"total  -  Fantasy  -  New Caledonia",62,"New Caledonia","total  -  Fantasy"
"total  -  Romance  -  New Caledonia",59,"New Caledonia","total  -  Romance"
"total  -  Sci Fi  -  New Caledonia",45,"New Caledonia","total  -  Sci Fi"
"total  -  Thriller  -  New Caledonia",72,"New Caledonia","total  -  Thriller"
"total  -  Action  -  New Zealand",194,"New Zealand","total  -  Action"
"total  -  Adventure  -  New Zealand",130,"New Zealand","total  -  Adventure"
"total  -  Animation  -  New Zealand",73,"New Zealand","total  -  Animation"
"total  -  Comedy  -  New Zealand",177,"New Zealand","total  -  Comedy"
"total  -  Crime  -  New Zealand",146,"New Zealand","total  -  Crime"
"total  -  Drama  -  New Zealand",298,"New Zealand","total  -  Drama"
"total  -  Mystery  -  New Zealand",45,"New Zealand","total  -  Mystery"
"total  -  Romance  -  New Zealand",66,"New Zealand","total  -  Romance"
"total  -  Sci Fi  -  New Zealand",41,"New Zealand","total  -  Sci Fi"
"total  -  Thriller  -  New Zealand",68,"New Zealand","total  -  Thriller"
"total  -  Action  -  Nicaragua",132,"Nicaragua","total  -  Action"
"total  -  Adventure  -  Nicaragua",86,"Nicaragua","total  -  Adventure"
"total  -  Animation  -  Nicaragua",44,"Nicaragua","total  -  Animation"
"total  -  Comedy  -  Nicaragua",200,"Nicaragua","total  -  Comedy"
"total  -  Crime  -  Nicaragua",104,"Nicaragua","total  -  Crime"
"total  -  Drama  -  Nicaragua",356,"Nicaragua","total  -  Drama"
"total  -  Fantasy  -  Nicaragua",37,"Nicaragua","total  -  Fantasy"
"total  -  Mystery  -  Nicaragua",38,"Nicaragua","total  -  Mystery"
"total  -  Romance  -  Nicaragua",163,"Nicaragua","total  -  Romance"
"total  -  Thriller  -  Nicaragua",69,"Nicaragua","total  -  Thriller"
"total  -  Action  -  Nigeria",179,"Nigeria","total  -  Action"
"total  -  Adventure  -  Nigeria",61,"Nigeria","total  -  Adventure"
"total  -  Comedy  -  Nigeria",147,"Nigeria","total  -  Comedy"
"total  -  Crime  -  Nigeria",141,"Nigeria","total  -  Crime"
"total  -  Drama  -  Nigeria",362,"Nigeria","total  -  Drama"
"total  -  Fantasy  -  Nigeria",40,"Nigeria","total  -  Fantasy"
"total  -  Mystery  -  Nigeria",63,"Nigeria","total  -  Mystery"
"total  -  Romance  -  Nigeria",116,"Nigeria","total  -  Romance"
"total  -  Sci Fi  -  Nigeria",40,"Nigeria","total  -  Sci Fi"
"total  -  Thriller  -  Nigeria",59,"Nigeria","total  -  Thriller"
"total  -  Action  -  Norway",180,"Norway","total  -  Action"
"total  -  Adventure  -  Norway",120,"Norway","total  -  Adventure"
"total  -  Animation  -  Norway",52,"Norway","total  -  Animation"
"total  -  Comedy  -  Norway",184,"Norway","total  -  Comedy"
"total  -  Crime  -  Norway",150,"Norway","total  -  Crime"
"total  -  Drama  -  Norway",352,"Norway","total  -  Drama"
"total  -  Fantasy  -  Norway",53,"Norway","total  -  Fantasy"
"total  -  Mystery  -  Norway",40,"Norway","total  -  Mystery"
"total  -  Romance  -  Norway",99,"Norway","total  -  Romance"
"total  -  Thriller  -  Norway",57,"Norway","total  -  Thriller"
"total  -  Action  -  Oman",198,"Oman","total  -  Action"
"total  -  Adventure  -  Oman",102,"Oman","total  -  Adventure"
"total  -  Comedy  -  Oman",125,"Oman","total  -  Comedy"
"total  -  Crime  -  Oman",122,"Oman","total  -  Crime"
"total  -  Drama  -  Oman",282,"Oman","total  -  Drama"
"total  -  Fantasy  -  Oman",49,"Oman","total  -  Fantasy"
"total  -  Horror  -  Oman",36,"Oman","total  -  Horror"
"total  -  Mystery  -  Oman",41,"Oman","total  -  Mystery"
"total  -  Romance  -  Oman",61,"Oman","total  -  Romance"
"total  -  Thriller  -  Oman",80,"Oman","total  -  Thriller"
"total  -  Action  -  Pakistan",295,"Pakistan","total  -  Action"
"total  -  Adventure  -  Pakistan",103,"Pakistan","total  -  Adventure"
"total  -  Comedy  -  Pakistan",156,"Pakistan","total  -  Comedy"
"total  -  Crime  -  Pakistan",220,"Pakistan","total  -  Crime"
"total  -  Drama  -  Pakistan",373,"Pakistan","total  -  Drama"
"total  -  Horror  -  Pakistan",40,"Pakistan","total  -  Horror"
"total  -  Mystery  -  Pakistan",80,"Pakistan","total  -  Mystery"
"total  -  Romance  -  Pakistan",65,"Pakistan","total  -  Romance"
"total  -  Sci Fi  -  Pakistan",47,"Pakistan","total  -  Sci Fi"
"total  -  Thriller  -  Pakistan",90,"Pakistan","total  -  Thriller"
"total  -  Action  -  Panama",142,"Panama","total  -  Action"
"total  -  Adventure  -  Panama",109,"Panama","total  -  Adventure"
"total  -  Animation  -  Panama",64,"Panama","total  -  Animation"
"total  -  Comedy  -  Panama",202,"Panama","total  -  Comedy"
"total  -  Crime  -  Panama",122,"Panama","total  -  Crime"
"total  -  Drama  -  Panama",360,"Panama","total  -  Drama"
"total  -  Fantasy  -  Panama",39,"Panama","total  -  Fantasy"
"total  -  Mystery  -  Panama",32,"Panama","total  -  Mystery"
"total  -  Romance  -  Panama",155,"Panama","total  -  Romance"
"total  -  Thriller  -  Panama",70,"Panama","total  -  Thriller"
"total  -  Action  -  Paraguay",134,"Paraguay","total  -  Action"
"total  -  Adventure  -  Paraguay",102,"Paraguay","total  -  Adventure"
"total  -  Animation  -  Paraguay",55,"Paraguay","total  -  Animation"
"total  -  Comedy  -  Paraguay",205,"Paraguay","total  -  Comedy"
"total  -  Crime  -  Paraguay",114,"Paraguay","total  -  Crime"
"total  -  Drama  -  Paraguay",370,"Paraguay","total  -  Drama"
"total  -  Fantasy  -  Paraguay",31,"Paraguay","total  -  Fantasy"
"total  -  Mystery  -  Paraguay",44,"Paraguay","total  -  Mystery"
"total  -  Romance  -  Paraguay",158,"Paraguay","total  -  Romance"
"total  -  Thriller  -  Paraguay",72,"Paraguay","total  -  Thriller"
"total  -  Action  -  Peru",155,"Peru","total  -  Action"
"total  -  Adventure  -  Peru",121,"Peru","total  -  Adventure"
"total  -  Animation  -  Peru",67,"Peru","total  -  Animation"
"total  -  Comedy  -  Peru",196,"Peru","total  -  Comedy"
"total  -  Crime  -  Peru",106,"Peru","total  -  Crime"
"total  -  Drama  -  Peru",340,"Peru","total  -  Drama"
"total  -  Fantasy  -  Peru",41,"Peru","total  -  Fantasy"
"total  -  Mystery  -  Peru",36,"Peru","total  -  Mystery"
"total  -  Romance  -  Peru",152,"Peru","total  -  Romance"
"total  -  Thriller  -  Peru",64,"Peru","total  -  Thriller"
"total  -  Action  -  Philippines",195,"Philippines","total  -  Action"
"total  -  Adventure  -  Philippines",101,"Philippines","total  -  Adventure"
"total  -  Comedy  -  Philippines",155,"Philippines","total  -  Comedy"
"total  -  Crime  -  Philippines",111,"Philippines","total  -  Crime"
"total  -  Drama  -  Philippines",334,"Philippines","total  -  Drama"
"total  -  Fantasy  -  Philippines",48,"Philippines","total  -  Fantasy"
"total  -  Horror  -  Philippines",47,"Philippines","total  -  Horror"
"total  -  Mystery  -  Philippines",63,"Philippines","total  -  Mystery"
"total  -  Romance  -  Philippines",105,"Philippines","total  -  Romance"
"total  -  Sci Fi  -  Philippines",47,"Philippines","total  -  Sci Fi"
"total  -  Thriller  -  Philippines",76,"Philippines","total  -  Thriller"
"total  -  Action  -  Poland",150,"Poland","total  -  Action"
"total  -  Adventure  -  Poland",166,"Poland","total  -  Adventure"
"total  -  Animation  -  Poland",105,"Poland","total  -  Animation"
"total  -  Comedy  -  Poland",217,"Poland","total  -  Comedy"
"total  -  Crime  -  Poland",130,"Poland","total  -  Crime"
"total  -  Drama  -  Poland",309,"Poland","total  -  Drama"
"total  -  Fantasy  -  Poland",51,"Poland","total  -  Fantasy"
"total  -  Mystery  -  Poland",48,"Poland","total  -  Mystery"
"total  -  Romance  -  Poland",85,"Poland","total  -  Romance"
"total  -  Thriller  -  Poland",73,"Poland","total  -  Thriller"
"total  -  Action  -  Portugal",167,"Portugal","total  -  Action"
"total  -  Adventure  -  Portugal",105,"Portugal","total  -  Adventure"
"total  -  Comedy  -  Portugal",170,"Portugal","total  -  Comedy"
"total  -  Crime  -  Portugal",121,"Portugal","total  -  Crime"
"total  -  Drama  -  Portugal",327,"Portugal","total  -  Drama"
"total  -  Family  -  Portugal",45,"Portugal","total  -  Family"
"total  -  Fantasy  -  Portugal",40,"Portugal","total  -  Fantasy"
"total  -  Music  -  Portugal",53,"Portugal","total  -  Music"
"total  -  Romance  -  Portugal",101,"Portugal","total  -  Romance"
"total  -  Thriller  -  Portugal",68,"Portugal","total  -  Thriller"
"total  -  Action  -  Qatar",217,"Qatar","total  -  Action"
"total  -  Adventure  -  Qatar",122,"Qatar","total  -  Adventure"
"total  -  Animation  -  Qatar",31,"Qatar","total  -  Animation"
"total  -  Comedy  -  Qatar",161,"Qatar","total  -  Comedy"
"total  -  Crime  -  Qatar",134,"Qatar","total  -  Crime"
"total  -  Drama  -  Qatar",347,"Qatar","total  -  Drama"
"total  -  Fantasy  -  Qatar",54,"Qatar","total  -  Fantasy"
"total  -  Horror  -  Qatar",31,"Qatar","total  -  Horror"
"total  -  Mystery  -  Qatar",44,"Qatar","total  -  Mystery"
"total  -  Romance  -  Qatar",105,"Qatar","total  -  Romance"
"total  -  Thriller  -  Qatar",81,"Qatar","total  -  Thriller"
"total  -  Action  -  Réunion",207,"Réunion","total  -  Action"
"total  -  Adventure  -  Réunion",126,"Réunion","total  -  Adventure"
"total  -  Animation  -  Réunion",61,"Réunion","total  -  Animation"
"total  -  Comedy  -  Réunion",177,"Réunion","total  -  Comedy"
"total  -  Crime  -  Réunion",139,"Réunion","total  -  Crime"
"total  -  Drama  -  Réunion",334,"Réunion","total  -  Drama"
"total  -  Fantasy  -  Réunion",62,"Réunion","total  -  Fantasy"
"total  -  Romance  -  Réunion",80,"Réunion","total  -  Romance"
"total  -  Sci Fi  -  Réunion",45,"Réunion","total  -  Sci Fi"
"total  -  Thriller  -  Réunion",66,"Réunion","total  -  Thriller"
"total  -  Action  -  Romania",172,"Romania","total  -  Action"
"total  -  Adventure  -  Romania",101,"Romania","total  -  Adventure"
"total  -  Comedy  -  Romania",166,"Romania","total  -  Comedy"
"total  -  Crime  -  Romania",147,"Romania","total  -  Crime"
"total  -  Drama  -  Romania",368,"Romania","total  -  Drama"
"total  -  Fantasy  -  Romania",49,"Romania","total  -  Fantasy"
"total  -  Horror  -  Romania",29,"Romania","total  -  Horror"
"total  -  Mystery  -  Romania",66,"Romania","total  -  Mystery"
"total  -  Romance  -  Romania",104,"Romania","total  -  Romance"
"total  -  Thriller  -  Romania",79,"Romania","total  -  Thriller"
"total  -  Action  -  Russia",263,"Russia","total  -  Action"
"total  -  Adventure  -  Russia",135,"Russia","total  -  Adventure"
"total  -  Animation  -  Russia",60,"Russia","total  -  Animation"
"total  -  Comedy  -  Russia",178,"Russia","total  -  Comedy"
"total  -  Crime  -  Russia",212,"Russia","total  -  Crime"
"total  -  Drama  -  Russia",340,"Russia","total  -  Drama"
"total  -  Fantasy  -  Russia",46,"Russia","total  -  Fantasy"
"total  -  Mystery  -  Russia",46,"Russia","total  -  Mystery"
"total  -  Romance  -  Russia",72,"Russia","total  -  Romance"
"total  -  Thriller  -  Russia",68,"Russia","total  -  Thriller"
"total  -  Action  -  Saudi Arabia",234,"Saudi Arabia","total  -  Action"
"total  -  Adventure  -  Saudi Arabia",99,"Saudi Arabia","total  -  Adventure"
"total  -  Animation  -  Saudi Arabia",41,"Saudi Arabia","total  -  Animation"
"total  -  Comedy  -  Saudi Arabia",154,"Saudi Arabia","total  -  Comedy"
"total  -  Crime  -  Saudi Arabia",163,"Saudi Arabia","total  -  Crime"
"total  -  Drama  -  Saudi Arabia",348,"Saudi Arabia","total  -  Drama"
"total  -  Fantasy  -  Saudi Arabia",45,"Saudi Arabia","total  -  Fantasy"
"total  -  Mystery  -  Saudi Arabia",46,"Saudi Arabia","total  -  Mystery"
"total  -  Romance  -  Saudi Arabia",82,"Saudi Arabia","total  -  Romance"
"total  -  Thriller  -  Saudi Arabia",86,"Saudi Arabia","total  -  Thriller"
"total  -  Action  -  Serbia",207,"Serbia","total  -  Action"
"total  -  Adventure  -  Serbia",116,"Serbia","total  -  Adventure"
"total  -  Animation  -  Serbia",38,"Serbia","total  -  Animation"
"total  -  Comedy  -  Serbia",187,"Serbia","total  -  Comedy"
"total  -  Crime  -  Serbia",160,"Serbia","total  -  Crime"
"total  -  Drama  -  Serbia",326,"Serbia","total  -  Drama"
"total  -  Fantasy  -  Serbia",41,"Serbia","total  -  Fantasy"
"total  -  Mystery  -  Serbia",42,"Serbia","total  -  Mystery"
"total  -  Romance  -  Serbia",104,"Serbia","total  -  Romance"
"total  -  Thriller  -  Serbia",76,"Serbia","total  -  Thriller"
"total  -  Action  -  Singapore",217,"Singapore","total  -  Action"
"total  -  Adventure  -  Singapore",105,"Singapore","total  -  Adventure"
"total  -  Comedy  -  Singapore",173,"Singapore","total  -  Comedy"
"total  -  Crime  -  Singapore",129,"Singapore","total  -  Crime"
"total  -  Drama  -  Singapore",329,"Singapore","total  -  Drama"
"total  -  Fantasy  -  Singapore",45,"Singapore","total  -  Fantasy"
"total  -  Mystery  -  Singapore",73,"Singapore","total  -  Mystery"
"total  -  Romance  -  Singapore",91,"Singapore","total  -  Romance"
"total  -  Sci Fi  -  Singapore",46,"Singapore","total  -  Sci Fi"
"total  -  Thriller  -  Singapore",89,"Singapore","total  -  Thriller"
"total  -  Action  -  Slovakia",197,"Slovakia","total  -  Action"
"total  -  Adventure  -  Slovakia",136,"Slovakia","total  -  Adventure"
"total  -  Animation  -  Slovakia",69,"Slovakia","total  -  Animation"
"total  -  Comedy  -  Slovakia",193,"Slovakia","total  -  Comedy"
"total  -  Crime  -  Slovakia",145,"Slovakia","total  -  Crime"
"total  -  Drama  -  Slovakia",322,"Slovakia","total  -  Drama"
"total  -  Fantasy  -  Slovakia",49,"Slovakia","total  -  Fantasy"
"total  -  Mystery  -  Slovakia",47,"Slovakia","total  -  Mystery"
"total  -  Romance  -  Slovakia",87,"Slovakia","total  -  Romance"
"total  -  Thriller  -  Slovakia",59,"Slovakia","total  -  Thriller"
"total  -  Action  -  Slovenia",188,"Slovenia","total  -  Action"
"total  -  Adventure  -  Slovenia",117,"Slovenia","total  -  Adventure"
"total  -  Animation  -  Slovenia",40,"Slovenia","total  -  Animation"
"total  -  Comedy  -  Slovenia",192,"Slovenia","total  -  Comedy"
"total  -  Crime  -  Slovenia",124,"Slovenia","total  -  Crime"
"total  -  Drama  -  Slovenia",280,"Slovenia","total  -  Drama"
"total  -  Fantasy  -  Slovenia",46,"Slovenia","total  -  Fantasy"
"total  -  Mystery  -  Slovenia",36,"Slovenia","total  -  Mystery"
"total  -  Romance  -  Slovenia",90,"Slovenia","total  -  Romance"
"total  -  Thriller  -  Slovenia",55,"Slovenia","total  -  Thriller"
"total  -  Action  -  South Africa",185,"South Africa","total  -  Action"
"total  -  Adventure  -  South Africa",95,"South Africa","total  -  Adventure"
"total  -  Animation  -  South Africa",47,"South Africa","total  -  Animation"
"total  -  Comedy  -  South Africa",199,"South Africa","total  -  Comedy"
"total  -  Crime  -  South Africa",121,"South Africa","total  -  Crime"
"total  -  Drama  -  South Africa",345,"South Africa","total  -  Drama"
"total  -  Mystery  -  South Africa",57,"South Africa","total  -  Mystery"
"total  -  Romance  -  South Africa",103,"South Africa","total  -  Romance"
"total  -  Sci Fi  -  South Africa",54,"South Africa","total  -  Sci Fi"
"total  -  Thriller  -  South Africa",62,"South Africa","total  -  Thriller"
"total  -  Action  -  South Korea",192,"South Korea","total  -  Action"
"total  -  Adventure  -  South Korea",78,"South Korea","total  -  Adventure"
"total  -  Comedy  -  South Korea",145,"South Korea","total  -  Comedy"
"total  -  Crime  -  South Korea",87,"South Korea","total  -  Crime"
"total  -  Drama  -  South Korea",328,"South Korea","total  -  Drama"
"total  -  Fantasy  -  South Korea",52,"South Korea","total  -  Fantasy"
"total  -  Horror  -  South Korea",36,"South Korea","total  -  Horror"
"total  -  Mystery  -  South Korea",39,"South Korea","total  -  Mystery"
"total  -  Romance  -  South Korea",112,"South Korea","total  -  Romance"
"total  -  Thriller  -  South Korea",87,"South Korea","total  -  Thriller"
"total  -  Action  -  Spain",170,"Spain","total  -  Action"
"total  -  Adventure  -  Spain",106,"Spain","total  -  Adventure"
"total  -  Comedy  -  Spain",183,"Spain","total  -  Comedy"
"total  -  Crime  -  Spain",134,"Spain","total  -  Crime"
"total  -  Drama  -  Spain",330,"Spain","total  -  Drama"
"total  -  Fantasy  -  Spain",42,"Spain","total  -  Fantasy"
"total  -  Horror  -  Spain",34,"Spain","total  -  Horror"
"total  -  Mystery  -  Spain",44,"Spain","total  -  Mystery"
"total  -  Romance  -  Spain",130,"Spain","total  -  Romance"
"total  -  Thriller  -  Spain",58,"Spain","total  -  Thriller"
"total  -  Action  -  Sri Lanka",185,"Sri Lanka","total  -  Action"
"total  -  Adventure  -  Sri Lanka",80,"Sri Lanka","total  -  Adventure"
"total  -  Comedy  -  Sri Lanka",191,"Sri Lanka","total  -  Comedy"
"total  -  Crime  -  Sri Lanka",142,"Sri Lanka","total  -  Crime"
"total  -  Drama  -  Sri Lanka",360,"Sri Lanka","total  -  Drama"
"total  -  Fantasy  -  Sri Lanka",38,"Sri Lanka","total  -  Fantasy"
"total  -  Mystery  -  Sri Lanka",74,"Sri Lanka","total  -  Mystery"
"total  -  Romance  -  Sri Lanka",113,"Sri Lanka","total  -  Romance"
"total  -  Sci Fi  -  Sri Lanka",38,"Sri Lanka","total  -  Sci Fi"
"total  -  Thriller  -  Sri Lanka",67,"Sri Lanka","total  -  Thriller"
"total  -  Action  -  Sweden",183,"Sweden","total  -  Action"
"total  -  Adventure  -  Sweden",130,"Sweden","total  -  Adventure"
"total  -  Animation  -  Sweden",59,"Sweden","total  -  Animation"
"total  -  Comedy  -  Sweden",172,"Sweden","total  -  Comedy"
"total  -  Crime  -  Sweden",142,"Sweden","total  -  Crime"
"total  -  Drama  -  Sweden",342,"Sweden","total  -  Drama"
"total  -  Fantasy  -  Sweden",55,"Sweden","total  -  Fantasy"
"total  -  Mystery  -  Sweden",44,"Sweden","total  -  Mystery"
"total  -  Romance  -  Sweden",88,"Sweden","total  -  Romance"
"total  -  Thriller  -  Sweden",58,"Sweden","total  -  Thriller"
"total  -  Action  -  Switzerland",191,"Switzerland","total  -  Action"
"total  -  Adventure  -  Switzerland",131,"Switzerland","total  -  Adventure"
"total  -  Comedy  -  Switzerland",186,"Switzerland","total  -  Comedy"
"total  -  Crime  -  Switzerland",177,"Switzerland","total  -  Crime"
"total  -  Drama  -  Switzerland",335,"Switzerland","total  -  Drama"
"total  -  Family  -  Switzerland",42,"Switzerland","total  -  Family"
"total  -  Fantasy  -  Switzerland",63,"Switzerland","total  -  Fantasy"
"total  -  Mystery  -  Switzerland",54,"Switzerland","total  -  Mystery"
"total  -  Romance  -  Switzerland",94,"Switzerland","total  -  Romance"
"total  -  Thriller  -  Switzerland",67,"Switzerland","total  -  Thriller"
"total  -  Action  -  Taiwan",195,"Taiwan","total  -  Action"
"total  -  Adventure  -  Taiwan",94,"Taiwan","total  -  Adventure"
"total  -  Comedy  -  Taiwan",165,"Taiwan","total  -  Comedy"
"total  -  Crime  -  Taiwan",112,"Taiwan","total  -  Crime"
"total  -  Drama  -  Taiwan",361,"Taiwan","total  -  Drama"
"total  -  Fantasy  -  Taiwan",59,"Taiwan","total  -  Fantasy"
"total  -  Mystery  -  Taiwan",81,"Taiwan","total  -  Mystery"
"total  -  Romance  -  Taiwan",158,"Taiwan","total  -  Romance"
"total  -  Sci Fi  -  Taiwan",40,"Taiwan","total  -  Sci Fi"
"total  -  Thriller  -  Taiwan",67,"Taiwan","total  -  Thriller"
"total  -  Action  -  Thailand",209,"Thailand","total  -  Action"
"total  -  Adventure  -  Thailand",153,"Thailand","total  -  Adventure"
"total  -  Animation  -  Thailand",47,"Thailand","total  -  Animation"
"total  -  Comedy  -  Thailand",209,"Thailand","total  -  Comedy"
"total  -  Crime  -  Thailand",108,"Thailand","total  -  Crime"
"total  -  Drama  -  Thailand",279,"Thailand","total  -  Drama"
"total  -  Fantasy  -  Thailand",62,"Thailand","total  -  Fantasy"
"total  -  Mystery  -  Thailand",59,"Thailand","total  -  Mystery"
"total  -  Romance  -  Thailand",136,"Thailand","total  -  Romance"
"total  -  Thriller  -  Thailand",81,"Thailand","total  -  Thriller"
"total  -  Action  -  Trinidad and Tobago",198,"Trinidad and Tobago","total  -  Action"
"total  -  Adventure  -  Trinidad and Tobago",110,"Trinidad and Tobago","total  -  Adventure"
"total  -  Animation  -  Trinidad and Tobago",58,"Trinidad and Tobago","total  -  Animation"
"total  -  Comedy  -  Trinidad and Tobago",181,"Trinidad and Tobago","total  -  Comedy"
"total  -  Crime  -  Trinidad and Tobago",146,"Trinidad and Tobago","total  -  Crime"
"total  -  Drama  -  Trinidad and Tobago",319,"Trinidad and Tobago","total  -  Drama"
"total  -  Fantasy  -  Trinidad and Tobago",51,"Trinidad and Tobago","total  -  Fantasy"
"total  -  Mystery  -  Trinidad and Tobago",37,"Trinidad and Tobago","total  -  Mystery"
"total  -  Romance  -  Trinidad and Tobago",90,"Trinidad and Tobago","total  -  Romance"
"total  -  Thriller  -  Trinidad and Tobago",83,"Trinidad and Tobago","total  -  Thriller"
"total  -  Action  -  Turkey",208,"Turkey","total  -  Action"
"total  -  Adventure  -  Turkey",112,"Turkey","total  -  Adventure"
"total  -  Comedy  -  Turkey",164,"Turkey","total  -  Comedy"
"total  -  Crime  -  Turkey",151,"Turkey","total  -  Crime"
"total  -  Drama  -  Turkey",367,"Turkey","total  -  Drama"
"total  -  Fantasy  -  Turkey",69,"Turkey","total  -  Fantasy"
"total  -  Horror  -  Turkey",41,"Turkey","total  -  Horror"
"total  -  Mystery  -  Turkey",51,"Turkey","total  -  Mystery"
"total  -  Romance  -  Turkey",93,"Turkey","total  -  Romance"
"total  -  Thriller  -  Turkey",73,"Turkey","total  -  Thriller"
"total  -  Action  -  Ukraine",224,"Ukraine","total  -  Action"
"total  -  Adventure  -  Ukraine",139,"Ukraine","total  -  Adventure"
"total  -  Animation  -  Ukraine",63,"Ukraine","total  -  Animation"
"total  -  Comedy  -  Ukraine",188,"Ukraine","total  -  Comedy"
"total  -  Crime  -  Ukraine",180,"Ukraine","total  -  Crime"
"total  -  Drama  -  Ukraine",334,"Ukraine","total  -  Drama"
"total  -  Fantasy  -  Ukraine",44,"Ukraine","total  -  Fantasy"
"total  -  Mystery  -  Ukraine",42,"Ukraine","total  -  Mystery"
"total  -  Romance  -  Ukraine",80,"Ukraine","total  -  Romance"
"total  -  Thriller  -  Ukraine",71,"Ukraine","total  -  Thriller"
"total  -  Action  -  United Arab Emirates",215,"United Arab Emirates","total  -  Action"
"total  -  Adventure  -  United Arab Emirates",122,"United Arab Emirates","total  -  Adventure"
"total  -  Animation  -  United Arab Emirates",37,"United Arab Emirates","total  -  Animation"
"total  -  Comedy  -  United Arab Emirates",171,"United Arab Emirates","total  -  Comedy"
"total  -  Crime  -  United Arab Emirates",141,"United Arab Emirates","total  -  Crime"
"total  -  Drama  -  United Arab Emirates",352,"United Arab Emirates","total  -  Drama"
"total  -  Fantasy  -  United Arab Emirates",52,"United Arab Emirates","total  -  Fantasy"
"total  -  Mystery  -  United Arab Emirates",44,"United Arab Emirates","total  -  Mystery"
"total  -  Romance  -  United Arab Emirates",109,"United Arab Emirates","total  -  Romance"
"total  -  Thriller  -  United Arab Emirates",75,"United Arab Emirates","total  -  Thriller"
"total  -  Action  -  United Kingdom",180,"United Kingdom","total  -  Action"
"total  -  Adventure  -  United Kingdom",143,"United Kingdom","total  -  Adventure"
"total  -  Animation  -  United Kingdom",60,"United Kingdom","total  -  Animation"
"total  -  Comedy  -  United Kingdom",223,"United Kingdom","total  -  Comedy"
"total  -  Crime  -  United Kingdom",114,"United Kingdom","total  -  Crime"
"total  -  Drama  -  United Kingdom",280,"United Kingdom","total  -  Drama"
"total  -  Fantasy  -  United Kingdom",41,"United Kingdom","total  -  Fantasy"
"total  -  Romance  -  United Kingdom",86,"United Kingdom","total  -  Romance"
"total  -  Sci Fi  -  United Kingdom",36,"United Kingdom","total  -  Sci Fi"
"total  -  Thriller  -  United Kingdom",60,"United Kingdom","total  -  Thriller"
"total  -  Action  -  United States",147,"United States","total  -  Action"
"total  -  Adventure  -  United States",111,"United States","total  -  Adventure"
"total  -  Animation  -  United States",53,"United States","total  -  Animation"
"total  -  Comedy  -  United States",168,"United States","total  -  Comedy"
"total  -  Crime  -  United States",113,"United States","total  -  Crime"
"total  -  Drama  -  United States",287,"United States","total  -  Drama"
"total  -  Family  -  United States",37,"United States","total  -  Family"
"total  -  Mystery  -  United States",45,"United States","total  -  Mystery"
"total  -  Romance  -  United States",81,"United States","total  -  Romance"
"total  -  Thriller  -  United States",48,"United States","total  -  Thriller"
"total  -  Action  -  Uruguay",137,"Uruguay","total  -  Action"
"total  -  Adventure  -  Uruguay",106,"Uruguay","total  -  Adventure"
"total  -  Animation  -  Uruguay",49,"Uruguay","total  -  Animation"
"total  -  Comedy  -  Uruguay",180,"Uruguay","total  -  Comedy"
"total  -  Crime  -  Uruguay",151,"Uruguay","total  -  Crime"
"total  -  Drama  -  Uruguay",388,"Uruguay","total  -  Drama"
"total  -  Fantasy  -  Uruguay",37,"Uruguay","total  -  Fantasy"
"total  -  Mystery  -  Uruguay",51,"Uruguay","total  -  Mystery"
"total  -  Romance  -  Uruguay",100,"Uruguay","total  -  Romance"
"total  -  Thriller  -  Uruguay",85,"Uruguay","total  -  Thriller"
"total  -  Action  -  Venezuela",134,"Venezuela","total  -  Action"
"total  -  Adventure  -  Venezuela",82,"Venezuela","total  -  Adventure"
"total  -  Animation  -  Venezuela",39,"Venezuela","total  -  Animation"
"total  -  Comedy  -  Venezuela",184,"Venezuela","total  -  Comedy"
"total  -  Crime  -  Venezuela",123,"Venezuela","total  -  Crime"
"total  -  Drama  -  Venezuela",334,"Venezuela","total  -  Drama"
"total  -  Fantasy  -  Venezuela",30,"Venezuela","total  -  Fantasy"
"total  -  Horror  -  Venezuela",30,"Venezuela","total  -  Horror"
"total  -  Mystery  -  Venezuela",35,"Venezuela","total  -  Mystery"
"total  -  Romance  -  Venezuela",127,"Venezuela","total  -  Romance"
"total  -  Thriller  -  Venezuela",80,"Venezuela","total  -  Thriller"
"total  -  Action  -  Vietnam",239,"Vietnam","total  -  Action"
"total  -  Adventure  -  Vietnam",132,"Vietnam","total  -  Adventure"
"total  -  Comedy  -  Vietnam",246,"Vietnam","total  -  Comedy"
"total  -  Crime  -  Vietnam",130,"Vietnam","total  -  Crime"
"total  -  Drama  -  Vietnam",355,"Vietnam","total  -  Drama"
"total  -  Fantasy  -  Vietnam",60,"Vietnam","total  -  Fantasy"
"total  -  Mystery  -  Vietnam",61,"Vietnam","total  -  Mystery"
"total  -  Romance  -  Vietnam",127,"Vietnam","total  -  Romance"
"total  -  Sci Fi  -  Vietnam",47,"Vietnam","total  -  Sci Fi"
"total  -  Thriller  -  Vietnam",94,"Vietnam","total  -  Thriller"
